ISO-10303-21;
HEADER;
FILE_DESCRIPTION(('Open CASCADE Model'),'2;1');
FILE_NAME('Open CASCADE Shape Model','2026-10-09T13:03:49',('Author'),(
    'Open CASCADE'),'Open CASCADE STEP processor 7.9','Open CASCADE 7.9'
  ,'Unknown');
FILE_SCHEMA(('AUTOMOTIVE_DESIGN { 1 0 10303 214 1 1 1 1 }'));
ENDSEC;
DATA;
#1 = APPLICATION_PROTOCOL_DEFINITION('international standard',
  'automotive_design',2000,#2);
#2 = APPLICATION_CONTEXT(
  'core data for automotive mechanical design processes');
#3 = SHAPE_DEFINITION_REPRESENTATION(#4,#10);
#4 = PRODUCT_DEFINITION_SHAPE('','',#5);
#5 = PRODUCT_DEFINITION('design','',#6,#9);
#6 = PRODUCT_DEFINITION_FORMATION('','',#7);
#7 = PRODUCT('Open CASCADE STEP translator 7.9 3',
  'Open CASCADE STEP translator 7.9 3','',(#8));
#8 = PRODUCT_CONTEXT('',#2,'mechanical');
#9 = PRODUCT_DEFINITION_CONTEXT('part definition',#2,'design');
#10 = ADVANCED_BREP_SHAPE_REPRESENTATION('',(#11,#15),#1943);
#11 = AXIS2_PLACEMENT_3D('',#12,#13,#14);
#12 = CARTESIAN_POINT('',(0.,0.,0.));
#13 = DIRECTION('',(0.,0.,1.));
#14 = DIRECTION('',(1.,0.,-0.));
#15 = MANIFOLD_SOLID_BREP('',#16);
#16 = CLOSED_SHELL('',(#17,#911,#1018,#1804,#1831,#1858,#1885,#1916));
#17 = ADVANCED_FACE('',(#18,#248,#561,#829),#31,.T.);
#18 = FACE_BOUND('',#19,.T.);
#19 = EDGE_LOOP('',(#20,#54,#78,#127,#151,#178,#179,#214,#247));
#20 = ORIENTED_EDGE('',*,*,#21,.F.);
#21 = EDGE_CURVE('',#22,#22,#24,.T.);
#22 = VERTEX_POINT('',#23);
#23 = CARTESIAN_POINT('',(75.000000000007,-9.184850993607E-15,
    -898.294504269));
#24 = SURFACE_CURVE('',#25,(#30,#42),.PCURVE_S1.);
#25 = CIRCLE('',#26,75.);
#26 = AXIS2_PLACEMENT_3D('',#27,#28,#29);
#27 = CARTESIAN_POINT('',(0.,0.,-898.294504269));
#28 = DIRECTION('',(0.,-0.,-1.));
#29 = DIRECTION('',(0.,1.,-0.));
#30 = PCURVE('',#31,#36);
#31 = SPHERICAL_SURFACE('',#32,901.42);
#32 = AXIS2_PLACEMENT_3D('',#33,#34,#35);
#33 = CARTESIAN_POINT('',(0.,0.,0.));
#34 = DIRECTION('',(0.,0.,1.));
#35 = DIRECTION('',(1.,0.,0.));
#36 = DEFINITIONAL_REPRESENTATION('',(#37),#41);
#37 = LINE('',#38,#39);
#38 = CARTESIAN_POINT('',(7.853981633974,-1.48749797202));
#39 = VECTOR('',#40,1.);
#40 = DIRECTION('',(-1.,0.));
#41 = ( GEOMETRIC_REPRESENTATION_CONTEXT(2) 
PARAMETRIC_REPRESENTATION_CONTEXT() REPRESENTATION_CONTEXT('2D SPACE',''
  ) );
#42 = PCURVE('',#43,#48);
#43 = CYLINDRICAL_SURFACE('',#44,75.);
#44 = AXIS2_PLACEMENT_3D('',#45,#46,#47);
#45 = CARTESIAN_POINT('',(0.,0.,-991.562));
#46 = DIRECTION('',(-0.,-0.,-1.));
#47 = DIRECTION('',(1.,0.,0.));
#48 = DEFINITIONAL_REPRESENTATION('',(#49),#53);
#49 = LINE('',#50,#51);
#50 = CARTESIAN_POINT('',(-7.853981633974,-93.26749573093));
#51 = VECTOR('',#52,1.);
#52 = DIRECTION('',(1.,-0.));
#53 = ( GEOMETRIC_REPRESENTATION_CONTEXT(2) 
PARAMETRIC_REPRESENTATION_CONTEXT() REPRESENTATION_CONTEXT('2D SPACE',''
  ) );
#54 = ORIENTED_EDGE('',*,*,#55,.T.);
#55 = EDGE_CURVE('',#22,#56,#58,.T.);
#56 = VERTEX_POINT('',#57);
#57 = CARTESIAN_POINT('',(894.68319331481,-2.191341817888E-13,-110.));
#58 = SEAM_CURVE('',#59,(#64,#71),.PCURVE_S1.);
#59 = CIRCLE('',#60,901.42);
#60 = AXIS2_PLACEMENT_3D('',#61,#62,#63);
#61 = CARTESIAN_POINT('',(0.,0.,0.));
#62 = DIRECTION('',(-2.449293598295E-16,-1.,0.));
#63 = DIRECTION('',(1.,-2.449293598295E-16,0.));
#64 = PCURVE('',#31,#65);
#65 = DEFINITIONAL_REPRESENTATION('',(#66),#70);
#66 = LINE('',#67,#68);
#67 = CARTESIAN_POINT('',(6.28318530718,-6.28318530718));
#68 = VECTOR('',#69,1.);
#69 = DIRECTION('',(0.,1.));
#70 = ( GEOMETRIC_REPRESENTATION_CONTEXT(2) 
PARAMETRIC_REPRESENTATION_CONTEXT() REPRESENTATION_CONTEXT('2D SPACE',''
  ) );
#71 = PCURVE('',#31,#72);
#72 = DEFINITIONAL_REPRESENTATION('',(#73),#77);
#73 = LINE('',#74,#75);
#74 = CARTESIAN_POINT('',(0.,-6.28318530718));
#75 = VECTOR('',#76,1.);
#76 = DIRECTION('',(0.,1.));
#77 = ( GEOMETRIC_REPRESENTATION_CONTEXT(2) 
PARAMETRIC_REPRESENTATION_CONTEXT() REPRESENTATION_CONTEXT('2D SPACE',''
  ) );
#78 = ORIENTED_EDGE('',*,*,#79,.T.);
#79 = EDGE_CURVE('',#56,#80,#82,.T.);
#80 = VERTEX_POINT('',#81);
#81 = CARTESIAN_POINT('',(894.68319331481,-2.191341817888E-13,110.));
#82 = SURFACE_CURVE('',#83,(#88,#115),.PCURVE_S1.);
#83 = CIRCLE('',#84,110.);
#84 = AXIS2_PLACEMENT_3D('',#85,#86,#87);
#85 = CARTESIAN_POINT('',(894.68319331481,0.,0.));
#86 = DIRECTION('',(-1.,3.022897411416E-29,1.03351670656E-15));
#87 = DIRECTION('',(-1.03351670656E-15,-1.992128925353E-15,-1.));
#88 = PCURVE('',#31,#89);
#89 = DEFINITIONAL_REPRESENTATION('',(#90),#114);
#90 = B_SPLINE_CURVE_WITH_KNOTS('',8,(#91,#92,#93,#94,#95,#96,#97,#98,
    #99,#100,#101,#102,#103,#104,#105,#106,#107,#108,#109,#110,#111,#112
    ,#113),.UNSPECIFIED.,.F.,.F.,(9,7,7,9),(0.,0.785398163397,
    1.963495408494,3.14159265359),.UNSPECIFIED.);
#91 = CARTESIAN_POINT('',(6.28318530718,-0.122334596481));
#92 = CARTESIAN_POINT('',(6.271114861655,-0.122334596481));
#93 = CARTESIAN_POINT('',(6.25904442027,-0.120980294329));
#94 = CARTESIAN_POINT('',(6.24715659248,-0.118271699494));
#95 = CARTESIAN_POINT('',(6.235634094157,-0.114237891385));
#96 = CARTESIAN_POINT('',(6.224652293486,-0.108937146787));
#97 = CARTESIAN_POINT('',(6.214372448765,-0.102454617681));
#98 = CARTESIAN_POINT('',(6.204936665108,-9.489847791262E-02));
#99 = CARTESIAN_POINT('',(6.183758994893,-7.364092610757E-02));
#100 = CARTESIAN_POINT('',(6.173222999166,-5.8755919068E-02));
#101 = CARTESIAN_POINT('',(6.165264659298,-4.216813302393E-02));
#102 = CARTESIAN_POINT('',(6.160182163694,-2.43994923776E-02));
#103 = CARTESIAN_POINT('',(6.15814327623,-6.031913210734E-03));
#104 = CARTESIAN_POINT('',(6.159190995707,1.233068854502E-02));
#105 = CARTESIAN_POINT('',(6.163239967113,3.009515355396E-02));
#106 = CARTESIAN_POINT('',(6.176920925639,6.333630479725E-02));
#107 = CARTESIAN_POINT('',(6.186552910932,7.881299295173E-02));
#108 = CARTESIAN_POINT('',(6.198766752318,9.259994058766E-02));
#109 = CARTESIAN_POINT('',(6.213228246689,0.10419877221));
#110 = CARTESIAN_POINT('',(6.229484689901,0.113193109723));
#111 = CARTESIAN_POINT('',(6.246973973512,0.119287412466));
#112 = CARTESIAN_POINT('',(6.265079638893,0.122334596481));
#113 = CARTESIAN_POINT('',(6.28318530718,0.122334596481));
#114 = ( GEOMETRIC_REPRESENTATION_CONTEXT(2) 
PARAMETRIC_REPRESENTATION_CONTEXT() REPRESENTATION_CONTEXT('2D SPACE',''
  ) );
#115 = PCURVE('',#116,#121);
#116 = CYLINDRICAL_SURFACE('',#117,110.);
#117 = AXIS2_PLACEMENT_3D('',#118,#119,#120);
#118 = CARTESIAN_POINT('',(-991.562,0.,0.));
#119 = DIRECTION('',(-1.,-0.,-0.));
#120 = DIRECTION('',(0.,1.,0.));
#121 = DEFINITIONAL_REPRESENTATION('',(#122),#126);
#122 = LINE('',#123,#124);
#123 = CARTESIAN_POINT('',(-4.712388980385,-1.886245193315E+03));
#124 = VECTOR('',#125,1.);
#125 = DIRECTION('',(1.,-0.));
#126 = ( GEOMETRIC_REPRESENTATION_CONTEXT(2) 
PARAMETRIC_REPRESENTATION_CONTEXT() REPRESENTATION_CONTEXT('2D SPACE',''
  ) );
#127 = ORIENTED_EDGE('',*,*,#128,.T.);
#128 = EDGE_CURVE('',#80,#129,#131,.T.);
#129 = VERTEX_POINT('',#130);
#130 = CARTESIAN_POINT('',(75.000000000007,-9.184850993607E-15,
    898.29450426906));
#131 = SEAM_CURVE('',#132,(#137,#144),.PCURVE_S1.);
#132 = CIRCLE('',#133,901.42);
#133 = AXIS2_PLACEMENT_3D('',#134,#135,#136);
#134 = CARTESIAN_POINT('',(0.,0.,0.));
#135 = DIRECTION('',(-2.449293598295E-16,-1.,0.));
#136 = DIRECTION('',(1.,-2.449293598295E-16,0.));
#137 = PCURVE('',#31,#138);
#138 = DEFINITIONAL_REPRESENTATION('',(#139),#143);
#139 = LINE('',#140,#141);
#140 = CARTESIAN_POINT('',(6.28318530718,0.));
#141 = VECTOR('',#142,1.);
#142 = DIRECTION('',(0.,1.));
#143 = ( GEOMETRIC_REPRESENTATION_CONTEXT(2) 
PARAMETRIC_REPRESENTATION_CONTEXT() REPRESENTATION_CONTEXT('2D SPACE',''
  ) );
#144 = PCURVE('',#31,#145);
#145 = DEFINITIONAL_REPRESENTATION('',(#146),#150);
#146 = LINE('',#147,#148);
#147 = CARTESIAN_POINT('',(0.,0.));
#148 = VECTOR('',#149,1.);
#149 = DIRECTION('',(0.,1.));
#150 = ( GEOMETRIC_REPRESENTATION_CONTEXT(2) 
PARAMETRIC_REPRESENTATION_CONTEXT() REPRESENTATION_CONTEXT('2D SPACE',''
  ) );
#151 = ORIENTED_EDGE('',*,*,#152,.T.);
#152 = EDGE_CURVE('',#129,#129,#153,.T.);
#153 = SURFACE_CURVE('',#154,(#159,#166),.PCURVE_S1.);
#154 = CIRCLE('',#155,75.);
#155 = AXIS2_PLACEMENT_3D('',#156,#157,#158);
#156 = CARTESIAN_POINT('',(0.,0.,898.29450426906));
#157 = DIRECTION('',(0.,-0.,-1.));
#158 = DIRECTION('',(0.,1.,-0.));
#159 = PCURVE('',#31,#160);
#160 = DEFINITIONAL_REPRESENTATION('',(#161),#165);
#161 = LINE('',#162,#163);
#162 = CARTESIAN_POINT('',(7.853981633974,1.48749797202));
#163 = VECTOR('',#164,1.);
#164 = DIRECTION('',(-1.,0.));
#165 = ( GEOMETRIC_REPRESENTATION_CONTEXT(2) 
PARAMETRIC_REPRESENTATION_CONTEXT() REPRESENTATION_CONTEXT('2D SPACE',''
  ) );
#166 = PCURVE('',#167,#172);
#167 = CYLINDRICAL_SURFACE('',#168,75.);
#168 = AXIS2_PLACEMENT_3D('',#169,#170,#171);
#169 = CARTESIAN_POINT('',(0.,0.,-991.562));
#170 = DIRECTION('',(-0.,-0.,-1.));
#171 = DIRECTION('',(1.,0.,0.));
#172 = DEFINITIONAL_REPRESENTATION('',(#173),#177);
#173 = LINE('',#174,#175);
#174 = CARTESIAN_POINT('',(-7.853981633974,-1.889856504269E+03));
#175 = VECTOR('',#176,1.);
#176 = DIRECTION('',(1.,-0.));
#177 = ( GEOMETRIC_REPRESENTATION_CONTEXT(2) 
PARAMETRIC_REPRESENTATION_CONTEXT() REPRESENTATION_CONTEXT('2D SPACE',''
  ) );
#178 = ORIENTED_EDGE('',*,*,#128,.F.);
#179 = ORIENTED_EDGE('',*,*,#180,.T.);
#180 = EDGE_CURVE('',#80,#181,#183,.T.);
#181 = VERTEX_POINT('',#182);
#182 = CARTESIAN_POINT('',(894.68319331481,110.,0.));
#183 = SURFACE_CURVE('',#184,(#189,#207),.PCURVE_S1.);
#184 = CIRCLE('',#185,110.);
#185 = AXIS2_PLACEMENT_3D('',#186,#187,#188);
#186 = CARTESIAN_POINT('',(894.68319331481,0.,0.));
#187 = DIRECTION('',(-1.,-0.,-0.));
#188 = DIRECTION('',(0.,0.,-1.));
#189 = PCURVE('',#31,#190);
#190 = DEFINITIONAL_REPRESENTATION('',(#191),#206);
#191 = B_SPLINE_CURVE_WITH_KNOTS('',7,(#192,#193,#194,#195,#196,#197,
    #198,#199,#200,#201,#202,#203,#204,#205),.UNSPECIFIED.,.F.,.F.,(8,6,
    8),(3.14159265359,3.926990816987,4.712388980385),.UNSPECIFIED.);
#192 = CARTESIAN_POINT('',(0.,0.122334596481));
#193 = CARTESIAN_POINT('',(1.37947948853E-02,0.122334596481));
#194 = CARTESIAN_POINT('',(2.75895842509E-02,0.120528860279));
#195 = CARTESIAN_POINT('',(4.109219296911E-02,0.116917403023));
#196 = CARTESIAN_POINT('',(5.401023307531E-02,0.111558379746));
#197 = CARTESIAN_POINT('',(6.607098139E-02,0.104568425189));
#198 = CARTESIAN_POINT('',(7.703848948792E-02,9.611319515862E-02));
#199 = CARTESIAN_POINT('',(9.640093082757E-02,7.667771922257E-02));
#200 = CARTESIAN_POINT('',(0.104795871169,6.569747659082E-02));
#201 = CARTESIAN_POINT('',(0.111711522446,5.365748971167E-02));
#202 = CARTESIAN_POINT('',(0.116998051221,4.079775516694E-02));
#203 = CARTESIAN_POINT('',(0.120555753631,2.738339946502E-02));
#204 = CARTESIAN_POINT('',(0.122334596481,1.369169880755E-02));
#205 = CARTESIAN_POINT('',(0.122334596481,2.241648974499E-17));
#206 = ( GEOMETRIC_REPRESENTATION_CONTEXT(2) 
PARAMETRIC_REPRESENTATION_CONTEXT() REPRESENTATION_CONTEXT('2D SPACE',''
  ) );
#207 = PCURVE('',#116,#208);
#208 = DEFINITIONAL_REPRESENTATION('',(#209),#213);
#209 = LINE('',#210,#211);
#210 = CARTESIAN_POINT('',(-4.712388980385,-1.886245193315E+03));
#211 = VECTOR('',#212,1.);
#212 = DIRECTION('',(1.,-0.));
#213 = ( GEOMETRIC_REPRESENTATION_CONTEXT(2) 
PARAMETRIC_REPRESENTATION_CONTEXT() REPRESENTATION_CONTEXT('2D SPACE',''
  ) );
#214 = ORIENTED_EDGE('',*,*,#215,.T.);
#215 = EDGE_CURVE('',#181,#56,#216,.T.);
#216 = SURFACE_CURVE('',#217,(#222,#240),.PCURVE_S1.);
#217 = CIRCLE('',#218,110.);
#218 = AXIS2_PLACEMENT_3D('',#219,#220,#221);
#219 = CARTESIAN_POINT('',(894.68319331481,0.,0.));
#220 = DIRECTION('',(-1.,-0.,-0.));
#221 = DIRECTION('',(0.,0.,-1.));
#222 = PCURVE('',#31,#223);
#223 = DEFINITIONAL_REPRESENTATION('',(#224),#239);
#224 = B_SPLINE_CURVE_WITH_KNOTS('',7,(#225,#226,#227,#228,#229,#230,
    #231,#232,#233,#234,#235,#236,#237,#238),.UNSPECIFIED.,.F.,.F.,(8,6,
    8),(4.712388980385,5.497787143782,6.28318530718),.UNSPECIFIED.);
#225 = CARTESIAN_POINT('',(0.122334596481,2.241648974499E-17));
#226 = CARTESIAN_POINT('',(0.122334596481,-1.369169880755E-02));
#227 = CARTESIAN_POINT('',(0.120555753631,-2.738339946501E-02));
#228 = CARTESIAN_POINT('',(0.116998051221,-4.079775516697E-02));
#229 = CARTESIAN_POINT('',(0.111711522446,-5.365748971163E-02));
#230 = CARTESIAN_POINT('',(0.104795871169,-6.569747659083E-02));
#231 = CARTESIAN_POINT('',(9.640093082757E-02,-7.667771922257E-02));
#232 = CARTESIAN_POINT('',(7.703848948792E-02,-9.611319515862E-02));
#233 = CARTESIAN_POINT('',(6.607098138999E-02,-0.104568425189));
#234 = CARTESIAN_POINT('',(5.401023307533E-02,-0.111558379746));
#235 = CARTESIAN_POINT('',(4.10921929691E-02,-0.116917403023));
#236 = CARTESIAN_POINT('',(2.758958425092E-02,-0.120528860279));
#237 = CARTESIAN_POINT('',(1.37947948853E-02,-0.122334596481));
#238 = CARTESIAN_POINT('',(3.011370928006E-17,-0.122334596481));
#239 = ( GEOMETRIC_REPRESENTATION_CONTEXT(2) 
PARAMETRIC_REPRESENTATION_CONTEXT() REPRESENTATION_CONTEXT('2D SPACE',''
  ) );
#240 = PCURVE('',#116,#241);
#241 = DEFINITIONAL_REPRESENTATION('',(#242),#246);
#242 = LINE('',#243,#244);
#243 = CARTESIAN_POINT('',(-10.99557428756,-1.886245193315E+03));
#244 = VECTOR('',#245,1.);
#245 = DIRECTION('',(1.,-0.));
#246 = ( GEOMETRIC_REPRESENTATION_CONTEXT(2) 
PARAMETRIC_REPRESENTATION_CONTEXT() REPRESENTATION_CONTEXT('2D SPACE',''
  ) );
#247 = ORIENTED_EDGE('',*,*,#55,.F.);
#248 = FACE_BOUND('',#249,.T.);
#249 = EDGE_LOOP('',(#250));
#250 = ORIENTED_EDGE('',*,*,#251,.T.);
#251 = EDGE_CURVE('',#252,#252,#254,.T.);
#252 = VERTEX_POINT('',#253);
#253 = CARTESIAN_POINT('',(-110.,894.68319331481,0.));
#254 = SURFACE_CURVE('',#255,(#322,#439),.PCURVE_S1.);
#255 = B_SPLINE_CURVE_WITH_KNOTS('',8,(#256,#257,#258,#259,#260,#261,
    #262,#263,#264,#265,#266,#267,#268,#269,#270,#271,#272,#273,#274,
    #275,#276,#277,#278,#279,#280,#281,#282,#283,#284,#285,#286,#287,
    #288,#289,#290,#291,#292,#293,#294,#295,#296,#297,#298,#299,#300,
    #301,#302,#303,#304,#305,#306,#307,#308,#309,#310,#311,#312,#313,
    #314,#315,#316,#317,#318,#319,#320,#321),.UNSPECIFIED.,.T.,.F.,(9,7,
    7,7,7,1,7,7,7,7,9),(0.500013413853,0.624130662873,0.748247912618,
    0.872365162389,0.996984441071,1.,1.121101690086,1.245720969469,
    1.369838219259,1.432664469655,1.500013413853),.UNSPECIFIED.);
#256 = CARTESIAN_POINT('',(-110.,894.68319331481,-2.84217094304E-14));
#257 = CARTESIAN_POINT('',(-110.,894.68319331481,-10.72070578297));
#258 = CARTESIAN_POINT('',(-108.8058838623,894.68319331481,
    -21.44820380866));
#259 = CARTESIAN_POINT('',(-106.4150187026,894.68319331481,
    -32.01673256819));
#260 = CARTESIAN_POINT('',(-102.8554775769,894.68319331481,
    -42.27159985981));
#261 = CARTESIAN_POINT('',(-98.17521272668,894.68319331481,
    -52.06587150536));
#262 = CARTESIAN_POINT('',(-92.44345245521,894.68319331481,
    -61.26135737469));
#263 = CARTESIAN_POINT('',(-85.74901458334,894.68319331481,
    -69.72833018214));
#264 = CARTESIAN_POINT('',(-70.67165090281,894.68319331481,
    -84.97323868147));
#265 = CARTESIAN_POINT('',(-62.27917262673,894.68319331481,
    -91.76083297122));
#266 = CARTESIAN_POINT('',(-53.14758761634,894.68319331481,
    -97.59385892908));
#267 = CARTESIAN_POINT('',(-43.40563375189,894.68319331481,
    -102.3820705998));
#268 = CARTESIAN_POINT('',(-33.1907277108,894.68319331481,-106.054716833
    ));
#269 = CARTESIAN_POINT('',(-22.64926479459,894.68319331481,
    -108.5622246114));
#270 = CARTESIAN_POINT('',(-11.9356175278,894.68319331481,
    -109.8748131553));
#271 = CARTESIAN_POINT('',(9.504484758176,894.68319331481,
    -110.1117536924));
#272 = CARTESIAN_POINT('',(20.244523433458,894.68319331481,
    -109.0362558019));
#273 = CARTESIAN_POINT('',(30.838827356005,894.68319331481,
    -106.7623252641));
#274 = CARTESIAN_POINT('',(41.132403549725,894.68319331481,
    -103.3163239759));
#275 = CARTESIAN_POINT('',(50.977796916778,894.68319331481,
    -98.74457752994));
#276 = CARTESIAN_POINT('',(60.236060745461,894.68319331481,
    -93.11478291058));
#277 = CARTESIAN_POINT('',(68.77649417911,894.68319331481,
    -86.51431894072));
#278 = CARTESIAN_POINT('',(84.218252187479,894.68319331481,
    -71.57619141514));
#279 = CARTESIAN_POINT('',(91.122709333105,894.68319331481,
    -63.22202996199));
#280 = CARTESIAN_POINT('',(97.072630738718,894.68319331481,
    -54.11262778094));
#281 = CARTESIAN_POINT('',(101.97535083567,894.68319331481,
    -44.37737081925));
#282 = CARTESIAN_POINT('',(105.75789679548,894.68319331481,
    -34.15463935711));
#283 = CARTESIAN_POINT('',(108.36874034189,894.68319331481,
    -23.5921458528));
#284 = CARTESIAN_POINT('',(109.77635657049,894.68319331481,
    -12.84588329586));
#285 = CARTESIAN_POINT('',(109.98519601603,894.68319331481,
    -1.82332179183));
#286 = CARTESIAN_POINT('',(110.15927591768,894.68319331481,
    8.896174873899));
#287 = CARTESIAN_POINT('',(109.13944236946,894.68319331481,
    19.641057461688));
#288 = CARTESIAN_POINT('',(106.92067390883,894.68319331481,
    30.245898843132));
#289 = CARTESIAN_POINT('',(103.52859468607,894.68319331507,
    40.555682086376));
#290 = CARTESIAN_POINT('',(99.008885401252,894.68319334162,
    50.422793600831));
#291 = CARTESIAN_POINT('',(93.428618352632,894.68319222054,
    59.707954547346));
#292 = CARTESIAN_POINT('',(86.874882670612,894.68319331481,
    68.280094290234));
#293 = CARTESIAN_POINT('',(72.238727114986,894.68319331481,
    83.65065143325));
#294 = CARTESIAN_POINT('',(63.939325293685,894.68319331481,
    90.620835965984));
#295 = CARTESIAN_POINT('',(54.877171784367,894.68319331481,
    96.64247586598));
#296 = CARTESIAN_POINT('',(45.180917067763,894.68319331481,
    101.62188716608));
#297 = CARTESIAN_POINT('',(34.988361110486,894.68319331481,
    105.48500703755));
#298 = CARTESIAN_POINT('',(24.446805036071,894.68319331481,
    108.17914286649));
#299 = CARTESIAN_POINT('',(13.711988127504,894.68319331481,
    109.67153942697));
#300 = CARTESIAN_POINT('',(-7.765049609055,894.68319331481,
    110.24807271032));
#301 = CARTESIAN_POINT('',(-18.52072803385,894.68319331481,
    109.34225368755));
#302 = CARTESIAN_POINT('',(-29.14960861247,894.68319331481,
    107.23585075078));
#303 = CARTESIAN_POINT('',(-39.49630152935,894.68319331481,
    103.95277575487));
#304 = CARTESIAN_POINT('',(-49.41263875131,894.68319331481,
    99.537020759375));
#305 = CARTESIAN_POINT('',(-58.75862220354,894.68319331481,
    94.05408086484));
#306 = CARTESIAN_POINT('',(-67.40218793059,894.68319331481,
    87.589260731627));
#307 = CARTESIAN_POINT('',(-79.18357374978,894.68319331481,
    76.546784745915));
#308 = CARTESIAN_POINT('',(-82.93388960447,894.68319331481,
    72.612339597951));
#309 = CARTESIAN_POINT('',(-86.46017894933,894.68319331481,
    68.468466584795));
#310 = CARTESIAN_POINT('',(-89.74887268275,894.68319331481,
    64.130140740931));
#311 = CARTESIAN_POINT('',(-92.78767753614,894.68319331481,
    59.613256562362));
#312 = CARTESIAN_POINT('',(-95.56553928724,894.68319331481,
    54.934593906859));
#313 = CARTESIAN_POINT('',(-98.07268693909,894.68319331481,
    50.111841748323));
#314 = CARTESIAN_POINT('',(-102.6892216598,894.68319331481,
    39.859312871114));
#315 = CARTESIAN_POINT('',(-104.7572445284,894.68319331481,
    34.410248185396));
#316 = CARTESIAN_POINT('',(-106.4943589215,894.68319331481,
    28.839546433506));
#317 = CARTESIAN_POINT('',(-107.8923661194,894.68319331481,
    23.170755755281));
#318 = CARTESIAN_POINT('',(-108.9451076051,894.68319331481,
    17.427845760984));
#319 = CARTESIAN_POINT('',(-109.6483809195,894.68319331481,
    11.635176110275));
#320 = CARTESIAN_POINT('',(-110.,894.68319331481,5.817499634173));
#321 = CARTESIAN_POINT('',(-110.,894.68319331481,-2.84217094304E-14));
#322 = PCURVE('',#31,#323);
#323 = DEFINITIONAL_REPRESENTATION('',(#324),#438);
#324 = B_SPLINE_CURVE_WITH_KNOTS('',3,(#325,#326,#327,#328,#329,#330,
    #331,#332,#333,#334,#335,#336,#337,#338,#339,#340,#341,#342,#343,
    #344,#345,#346,#347,#348,#349,#350,#351,#352,#353,#354,#355,#356,
    #357,#358,#359,#360,#361,#362,#363,#364,#365,#366,#367,#368,#369,
    #370,#371,#372,#373,#374,#375,#376,#377,#378,#379,#380,#381,#382,
    #383,#384,#385,#386,#387,#388,#389,#390,#391,#392,#393,#394,#395,
    #396,#397,#398,#399,#400,#401,#402,#403,#404,#405,#406,#407,#408,
    #409,#410,#411,#412,#413,#414,#415,#416,#417,#418,#419,#420,#421,
    #422,#423,#424,#425,#426,#427,#428,#429,#430,#431,#432,#433,#434,
    #435,#436,#437),.UNSPECIFIED.,.F.,.F.,(4,1,1,1,1,1,1,1,1,1,1,1,1,1,1
    ,1,1,1,1,1,1,1,1,1,1,1,1,1,1,1,1,1,1,1,1,1,1,1,1,1,1,1,1,1,1,1,1,1,1
    ,1,1,1,1,1,1,1,1,1,1,1,1,1,1,1,1,1,1,1,1,1,1,1,1,1,1,1,1,1,1,1,1,1,1
    ,1,1,1,1,1,1,1,1,1,1,1,1,1,1,1,1,1,1,1,1,1,1,1,1,1,1,1,4),(
    0.500013413853,0.509104322944,0.518195232035,0.527286141126,
    0.536377050216,0.545467959307,0.554558868398,0.563649777489,
    0.57274068658,0.581831595671,0.590922504762,0.600013413853,
    0.609104322944,0.618195232035,0.627286141126,0.636377050216,
    0.645467959307,0.654558868398,0.663649777489,0.67274068658,
    0.681831595671,0.690922504762,0.700013413853,0.709104322944,
    0.718195232035,0.727286141126,0.736377050216,0.745467959307,
    0.754558868398,0.763649777489,0.77274068658,0.781831595671,
    0.790922504762,0.800013413853,0.809104322944,0.818195232035,
    0.827286141126,0.836377050216,0.845467959307,0.854558868398,
    0.863649777489,0.87274068658,0.881831595671,0.890922504762,
    0.900013413853,0.909104322944,0.918195232035,0.927286141126,
    0.936377050216,0.945467959307,0.954558868398,0.963649777489,
    0.97274068658,0.981831595671,0.990922504762,1.000013413853,
    1.009104322944,1.018195232035,1.027286141126,1.036377050216,
    1.045467959307,1.054558868398,1.063649777489,1.07274068658,
    1.081831595671,1.090922504762,1.100013413853,1.109104322944,
    1.118195232035,1.127286141126,1.136377050216,1.145467959307,
    1.154558868398,1.163649777489,1.17274068658,1.181831595671,
    1.190922504762,1.200013413853,1.209104322944,1.218195232035,
    1.227286141126,1.236377050216,1.245467959307,1.254558868398,
    1.263649777489,1.27274068658,1.281831595671,1.290922504762,
    1.300013413853,1.309104322944,1.318195232035,1.327286141126,
    1.336377050216,1.345467959307,1.354558868398,1.363649777489,
    1.37274068658,1.381831595671,1.390922504762,1.400013413853,
    1.409104322944,1.418195232035,1.427286141126,1.436377050216,
    1.445467959307,1.454558868398,1.463649777489,1.47274068658,
    1.481831595671,1.490922504762,1.500013413853),
  .QUASI_UNIFORM_KNOTS.);
#325 = CARTESIAN_POINT('',(1.693130923276,-3.152992992213E-17));
#326 = CARTESIAN_POINT('',(1.693131035915,-2.322995379071E-03));
#327 = CARTESIAN_POINT('',(1.69299916241,-6.969571720425E-03));
#328 = CARTESIAN_POINT('',(1.692406898925,-1.391812493023E-02));
#329 = CARTESIAN_POINT('',(1.69142152072,-2.082210122569E-02));
#330 = CARTESIAN_POINT('',(1.690046132453,-2.765892645562E-02));
#331 = CARTESIAN_POINT('',(1.688284890778,-3.440643549045E-02));
#332 = CARTESIAN_POINT('',(1.686143125741,-4.104291610392E-02));
#333 = CARTESIAN_POINT('',(1.683627268266,-4.754707656357E-02));
#334 = CARTESIAN_POINT('',(1.680744856013,-5.38980433807E-02));
#335 = CARTESIAN_POINT('',(1.677504539489,-6.007536245834E-02));
#336 = CARTESIAN_POINT('',(1.673916116524,-6.605900329806E-02));
#337 = CARTESIAN_POINT('',(1.669990555369,-7.18293960664E-02));
#338 = CARTESIAN_POINT('',(1.665740138253,-7.736738694205E-02));
#339 = CARTESIAN_POINT('',(1.661178245494,-8.265454713367E-02));
#340 = CARTESIAN_POINT('',(1.656320582105,-8.767221805725E-02));
#341 = CARTESIAN_POINT('',(1.651179962962,-9.240648762721E-02));
#342 = CARTESIAN_POINT('',(1.645773221471,-9.68408262786E-02));
#343 = CARTESIAN_POINT('',(1.640118166289,-0.100960014797));
#344 = CARTESIAN_POINT('',(1.634233278974,-0.104750134847));
#345 = CARTESIAN_POINT('',(1.62813774869,-0.10819849156));
#346 = CARTESIAN_POINT('',(1.621851425894,-0.11129358342));
#347 = CARTESIAN_POINT('',(1.615394804721,-0.114025083864));
#348 = CARTESIAN_POINT('',(1.608789002638,-0.116383840963));
#349 = CARTESIAN_POINT('',(1.602055746043,-0.118361891345));
#350 = CARTESIAN_POINT('',(1.595217354424,-0.119952490009));
#351 = CARTESIAN_POINT('',(1.588296743084,-0.121150152669));
#352 = CARTESIAN_POINT('',(1.581317374226,-0.121950728555));
#353 = CARTESIAN_POINT('',(1.57430342288,-0.122351448203));
#354 = CARTESIAN_POINT('',(1.567279170846,-0.122351169907));
#355 = CARTESIAN_POINT('',(1.560264654717,-0.121949823059));
#356 = CARTESIAN_POINT('',(1.553285346604,-0.121148631413));
#357 = CARTESIAN_POINT('',(1.546364908672,-0.119950382058));
#358 = CARTESIAN_POINT('',(1.539526797138,-0.118359229324));
#359 = CARTESIAN_POINT('',(1.5327938295,-0.116380645421));
#360 = CARTESIAN_POINT('',(1.526188290668,-0.114021358072));
#361 = CARTESIAN_POINT('',(1.519731890088,-0.11128931453));
#362 = CARTESIAN_POINT('',(1.513445753211,-0.108193656931));
#363 = CARTESIAN_POINT('',(1.507350406171,-0.104744719396));
#364 = CARTESIAN_POINT('',(1.501465736151,-0.100954016735));
#365 = CARTESIAN_POINT('',(1.495811036774,-9.683433820749E-02));
#366 = CARTESIAN_POINT('',(1.490404713751,-9.239953262914E-02));
#367 = CARTESIAN_POINT('',(1.485265232453,-8.766554304791E-02));
#368 = CARTESIAN_POINT('',(1.480407377597,-8.264687902674E-02));
#369 = CARTESIAN_POINT('',(1.475845805282,-7.735914327405E-02));
#370 = CARTESIAN_POINT('',(1.471595841429,-7.182074142407E-02));
#371 = CARTESIAN_POINT('',(1.467670831166,-6.605007232058E-02));
#372 = CARTESIAN_POINT('',(1.46408297958,-6.006621372545E-02));
#373 = CARTESIAN_POINT('',(1.460843227601,-5.38886887692E-02));
#374 = CARTESIAN_POINT('',(1.457961361196,-4.753749327672E-02));
#375 = CARTESIAN_POINT('',(1.455446035529,-4.103306663609E-02));
#376 = CARTESIAN_POINT('',(1.453304800869,-3.439628665823E-02));
#377 = CARTESIAN_POINT('',(1.451544106547,-2.76484779419E-02));
#378 = CARTESIAN_POINT('',(1.450169289528,-2.081139193325E-02));
#379 = CARTESIAN_POINT('',(1.449184537057,-1.390733583883E-02));
#380 = CARTESIAN_POINT('',(1.448592844661,-6.958785750501E-03));
#381 = CARTESIAN_POINT('',(1.448395873988,1.002965921119E-05));
#382 = CARTESIAN_POINT('',(1.448594043954,6.980369308751E-03));
#383 = CARTESIAN_POINT('',(1.449187006514,1.392898507633E-02));
#384 = CARTESIAN_POINT('',(1.450172975907,2.083283994959E-02));
#385 = CARTESIAN_POINT('',(1.451548951302,2.766943393044E-02));
#386 = CARTESIAN_POINT('',(1.453310752138,3.441667848469E-02));
#387 = CARTESIAN_POINT('',(1.455453069619,4.105290321633E-02));
#388 = CARTESIAN_POINT('',(1.457969484943,4.755683715879E-02));
#389 = CARTESIAN_POINT('',(1.460852471398,5.390760654894E-02));
#390 = CARTESIAN_POINT('',(1.464093377602,6.008473687657E-02));
#391 = CARTESIAN_POINT('',(1.467682395465,6.60681663384E-02));
#392 = CARTESIAN_POINT('',(1.471608504651,7.183825705571E-02));
#393 = CARTESIAN_POINT('',(1.475859419614,7.737585664287E-02));
#394 = CARTESIAN_POINT('',(1.480421433365,8.266222104904E-02));
#395 = CARTESIAN_POINT('',(1.48527953887,8.767951251164E-02));
#396 = CARTESIAN_POINT('',(1.490420964552,9.241368797518E-02));
#397 = CARTESIAN_POINT('',(1.495828149286,9.684756499414E-02));
#398 = CARTESIAN_POINT('',(1.501483562724,0.100966233414));
#399 = CARTESIAN_POINT('',(1.507368722401,0.104755780063));
#400 = CARTESIAN_POINT('',(1.513464500285,0.108203560828));
#401 = CARTESIAN_POINT('',(1.519751074923,0.111298085464));
#402 = CARTESIAN_POINT('',(1.526207971328,0.114029029308));
#403 = CARTESIAN_POINT('',(1.532814073981,0.116387231407));
#404 = CARTESIAN_POINT('',(1.53954763601,0.118364715032));
#405 = CARTESIAN_POINT('',(1.546386310294,0.11995472199));
#406 = CARTESIAN_POINT('',(1.553307076426,0.121151760506));
#407 = CARTESIAN_POINT('',(1.560286538611,0.121951684351));
#408 = CARTESIAN_POINT('',(1.567299813558,0.122351747502));
#409 = CARTESIAN_POINT('',(1.574324646901,0.122350861149));
#410 = CARTESIAN_POINT('',(1.581339278489,0.121948852954));
#411 = CARTESIAN_POINT('',(1.588318522462,0.12114701713));
#412 = CARTESIAN_POINT('',(1.59523876578,0.119948145017));
#413 = CARTESIAN_POINT('',(1.602076630866,0.118356392862));
#414 = CARTESIAN_POINT('',(1.608809341123,0.116377223455));
#415 = CARTESIAN_POINT('',(1.615414636206,0.114017353147));
#416 = CARTESIAN_POINT('',(1.621870812089,0.11128471942));
#417 = CARTESIAN_POINT('',(1.628156732437,0.108188461339));
#418 = CARTESIAN_POINT('',(1.634251846717,0.104738919869));
#419 = CARTESIAN_POINT('',(1.640136226305,0.10094763608));
#420 = CARTESIAN_POINT('',(1.645790540607,9.682743338825E-02));
#421 = CARTESIAN_POINT('',(1.651196279412,9.239227316689E-02));
#422 = CARTESIAN_POINT('',(1.656335083027,8.765805905507E-02));
#423 = CARTESIAN_POINT('',(1.661192030794,8.263944812E-02));
#424 = CARTESIAN_POINT('',(1.665751841071,7.735293811739E-02));
#425 = CARTESIAN_POINT('',(1.670000160327,7.181604049088E-02));
#426 = CARTESIAN_POINT('',(1.673923815776,6.604688790419E-02));
#427 = CARTESIAN_POINT('',(1.677510701748,6.006433028955E-02));
#428 = CARTESIAN_POINT('',(1.680749804939,5.388785901917E-02));
#429 = CARTESIAN_POINT('',(1.683631135073,4.753781160127E-02));
#430 = CARTESIAN_POINT('',(1.686146131593,4.103437738894E-02));
#431 = CARTESIAN_POINT('',(1.688287070208,3.439886880969E-02));
#432 = CARTESIAN_POINT('',(1.69004751848,2.76527727074E-02));
#433 = CARTESIAN_POINT('',(1.691422220046,2.081780041252E-02));
#434 = CARTESIAN_POINT('',(1.692407113558,1.39158797566E-02));
#435 = CARTESIAN_POINT('',(1.692999166988,6.969133872809E-03));
#436 = CARTESIAN_POINT('',(1.693131022159,2.323048123807E-03));
#437 = CARTESIAN_POINT('',(1.693130923276,-3.152992992213E-17));
#438 = ( GEOMETRIC_REPRESENTATION_CONTEXT(2) 
PARAMETRIC_REPRESENTATION_CONTEXT() REPRESENTATION_CONTEXT('2D SPACE',''
  ) );
#439 = PCURVE('',#440,#445);
#440 = CYLINDRICAL_SURFACE('',#441,110.);
#441 = AXIS2_PLACEMENT_3D('',#442,#443,#444);
#442 = CARTESIAN_POINT('',(-1.100854962743E-13,-991.562,0.));
#443 = DIRECTION('',(-1.110223024625E-16,-1.,-0.));
#444 = DIRECTION('',(-1.,1.110223024625E-16,0.));
#445 = DEFINITIONAL_REPRESENTATION('',(#446),#560);
#446 = B_SPLINE_CURVE_WITH_KNOTS('',3,(#447,#448,#449,#450,#451,#452,
    #453,#454,#455,#456,#457,#458,#459,#460,#461,#462,#463,#464,#465,
    #466,#467,#468,#469,#470,#471,#472,#473,#474,#475,#476,#477,#478,
    #479,#480,#481,#482,#483,#484,#485,#486,#487,#488,#489,#490,#491,
    #492,#493,#494,#495,#496,#497,#498,#499,#500,#501,#502,#503,#504,
    #505,#506,#507,#508,#509,#510,#511,#512,#513,#514,#515,#516,#517,
    #518,#519,#520,#521,#522,#523,#524,#525,#526,#527,#528,#529,#530,
    #531,#532,#533,#534,#535,#536,#537,#538,#539,#540,#541,#542,#543,
    #544,#545,#546,#547,#548,#549,#550,#551,#552,#553,#554,#555,#556,
    #557,#558,#559),.UNSPECIFIED.,.F.,.F.,(4,1,1,1,1,1,1,1,1,1,1,1,1,1,1
    ,1,1,1,1,1,1,1,1,1,1,1,1,1,1,1,1,1,1,1,1,1,1,1,1,1,1,1,1,1,1,1,1,1,1
    ,1,1,1,1,1,1,1,1,1,1,1,1,1,1,1,1,1,1,1,1,1,1,1,1,1,1,1,1,1,1,1,1,1,1
    ,1,1,1,1,1,1,1,1,1,1,1,1,1,1,1,1,1,1,1,1,1,1,1,1,1,1,1,4),(
    0.500013413853,0.509104322944,0.518195232035,0.527286141126,
    0.536377050216,0.545467959307,0.554558868398,0.563649777489,
    0.57274068658,0.581831595671,0.590922504762,0.600013413853,
    0.609104322944,0.618195232035,0.627286141126,0.636377050216,
    0.645467959307,0.654558868398,0.663649777489,0.67274068658,
    0.681831595671,0.690922504762,0.700013413853,0.709104322944,
    0.718195232035,0.727286141126,0.736377050216,0.745467959307,
    0.754558868398,0.763649777489,0.77274068658,0.781831595671,
    0.790922504762,0.800013413853,0.809104322944,0.818195232035,
    0.827286141126,0.836377050216,0.845467959307,0.854558868398,
    0.863649777489,0.87274068658,0.881831595671,0.890922504762,
    0.900013413853,0.909104322944,0.918195232035,0.927286141126,
    0.936377050216,0.945467959307,0.954558868398,0.963649777489,
    0.97274068658,0.981831595671,0.990922504762,1.000013413853,
    1.009104322944,1.018195232035,1.027286141126,1.036377050216,
    1.045467959307,1.054558868398,1.063649777489,1.07274068658,
    1.081831595671,1.090922504762,1.100013413853,1.109104322944,
    1.118195232035,1.127286141126,1.136377050216,1.145467959307,
    1.154558868398,1.163649777489,1.17274068658,1.181831595671,
    1.190922504762,1.200013413853,1.209104322944,1.218195232035,
    1.227286141126,1.236377050216,1.245467959307,1.254558868398,
    1.263649777489,1.27274068658,1.281831595671,1.290922504762,
    1.300013413853,1.309104322944,1.318195232035,1.327286141126,
    1.336377050216,1.345467959307,1.354558868398,1.363649777489,
    1.37274068658,1.381831595671,1.390922504762,1.400013413853,
    1.409104322944,1.418195232035,1.427286141126,1.436377050216,
    1.445467959307,1.454558868398,1.463649777489,1.47274068658,
    1.481831595671,1.490922504762,1.500013413853),
  .QUASI_UNIFORM_KNOTS.);
#447 = CARTESIAN_POINT('',(-6.28318530718,-1.886245193315E+03));
#448 = CARTESIAN_POINT('',(-6.264149042064,-1.886245193315E+03));
#449 = CARTESIAN_POINT('',(-6.22607154902,-1.886245193315E+03));
#450 = CARTESIAN_POINT('',(-6.16894654399,-1.886245193315E+03));
#451 = CARTESIAN_POINT('',(-6.111820135626,-1.886245193315E+03));
#452 = CARTESIAN_POINT('',(-6.054695348985,-1.886245193315E+03));
#453 = CARTESIAN_POINT('',(-5.997573438436,-1.886245193315E+03));
#454 = CARTESIAN_POINT('',(-5.940454077295,-1.886245193315E+03));
#455 = CARTESIAN_POINT('',(-5.8833360505,-1.886245193315E+03));
#456 = CARTESIAN_POINT('',(-5.826217736419,-1.886245193315E+03));
#457 = CARTESIAN_POINT('',(-5.769097586048,-1.886245193315E+03));
#458 = CARTESIAN_POINT('',(-5.711974675957,-1.886245193315E+03));
#459 = CARTESIAN_POINT('',(-5.654848999424,-1.886245193315E+03));
#460 = CARTESIAN_POINT('',(-5.597722943501,-1.886245193315E+03));
#461 = CARTESIAN_POINT('',(-5.540598702753,-1.886245193315E+03));
#462 = CARTESIAN_POINT('',(-5.483491428269,-1.886245193315E+03));
#463 = CARTESIAN_POINT('',(-5.426371026606,-1.886245193315E+03));
#464 = CARTESIAN_POINT('',(-5.369245043573,-1.886245193315E+03));
#465 = CARTESIAN_POINT('',(-5.312118933161,-1.886245193315E+03));
#466 = CARTESIAN_POINT('',(-5.25499510364,-1.886245193315E+03));
#467 = CARTESIAN_POINT('',(-5.197874169715,-1.886245193315E+03));
#468 = CARTESIAN_POINT('',(-5.140755441475,-1.886245193315E+03));
#469 = CARTESIAN_POINT('',(-5.083637504936,-1.886245193315E+03));
#470 = CARTESIAN_POINT('',(-5.026518709914,-1.886245193315E+03));
#471 = CARTESIAN_POINT('',(-4.969397665052,-1.886245193315E+03));
#472 = CARTESIAN_POINT('',(-4.912273712067,-1.886245193315E+03));
#473 = CARTESIAN_POINT('',(-4.855147568158,-1.886245193315E+03));
#474 = CARTESIAN_POINT('',(-4.798021596796,-1.886245193315E+03));
#475 = CARTESIAN_POINT('',(-4.740901896164,-1.886245193315E+03));
#476 = CARTESIAN_POINT('',(-4.68379425607,-1.886245193315E+03));
#477 = CARTESIAN_POINT('',(-4.626669674309,-1.886245193315E+03));
#478 = CARTESIAN_POINT('',(-4.569543608141,-1.886245193315E+03));
#479 = CARTESIAN_POINT('',(-4.51241801349,-1.886245193315E+03));
#480 = CARTESIAN_POINT('',(-4.455295227256,-1.886245193315E+03));
#481 = CARTESIAN_POINT('',(-4.398175177248,-1.886245193315E+03));
#482 = CARTESIAN_POINT('',(-4.341056907934,-1.886245193315E+03));
#483 = CARTESIAN_POINT('',(-4.283938858769,-1.886245193315E+03));
#484 = CARTESIAN_POINT('',(-4.226819407055,-1.886245193315E+03));
#485 = CARTESIAN_POINT('',(-4.169697395541,-1.886245193315E+03));
#486 = CARTESIAN_POINT('',(-4.112572433208,-1.886245193315E+03));
#487 = CARTESIAN_POINT('',(-4.055446273745,-1.886245193315E+03));
#488 = CARTESIAN_POINT('',(-3.998320461869,-1.886245193315E+03));
#489 = CARTESIAN_POINT('',(-3.941208416655,-1.886245193315E+03));
#490 = CARTESIAN_POINT('',(-3.884094182457,-1.886245193315E+03));
#491 = CARTESIAN_POINT('',(-3.826968065405,-1.886245193315E+03));
#492 = CARTESIAN_POINT('',(-3.769841569835,-1.886245193315E+03));
#493 = CARTESIAN_POINT('',(-3.712716537974,-1.886245193315E+03));
#494 = CARTESIAN_POINT('',(-3.655594486135,-1.886245193315E+03));
#495 = CARTESIAN_POINT('',(-3.598474976678,-1.886245193315E+03));
#496 = CARTESIAN_POINT('',(-3.541356795029,-1.886245193315E+03));
#497 = CARTESIAN_POINT('',(-3.484238299986,-1.886245193315E+03));
#498 = CARTESIAN_POINT('',(-3.427117936448,-1.886245193315E+03));
#499 = CARTESIAN_POINT('',(-3.369994780435,-1.886245193315E+03));
#500 = CARTESIAN_POINT('',(-3.312868825476,-1.886245193315E+03));
#501 = CARTESIAN_POINT('',(-3.255742485728,-1.886245193315E+03));
#502 = CARTESIAN_POINT('',(-3.198617911552,-1.886245193315E+03));
#503 = CARTESIAN_POINT('',(-3.141510508831,-1.886245193315E+03));
#504 = CARTESIAN_POINT('',(-3.084390342,-1.886245193315E+03));
#505 = CARTESIAN_POINT('',(-3.027264361463,-1.886245193315E+03));
#506 = CARTESIAN_POINT('',(-2.970138238982,-1.886245193313E+03));
#507 = CARTESIAN_POINT('',(-2.913014367201,-1.886245193305E+03));
#508 = CARTESIAN_POINT('',(-2.855893395033,-1.886245193283E+03));
#509 = CARTESIAN_POINT('',(-2.798774642748,-1.886245193239E+03));
#510 = CARTESIAN_POINT('',(-2.741656703642,-1.88624519317E+03));
#511 = CARTESIAN_POINT('',(-2.684537927561,-1.886245193083E+03));
#512 = CARTESIAN_POINT('',(-2.627416916237,-1.886245193001E+03));
#513 = CARTESIAN_POINT('',(-2.57029300215,-1.886245192963E+03));
#514 = CARTESIAN_POINT('',(-2.513166869995,-1.886245193008E+03));
#515 = CARTESIAN_POINT('',(-2.456040898675,-1.88624519315E+03));
#516 = CARTESIAN_POINT('',(-2.39892096934,-1.886245193335E+03));
#517 = CARTESIAN_POINT('',(-2.341813443874,-1.886245193309E+03));
#518 = CARTESIAN_POINT('',(-2.284688757133,-1.886245193316E+03));
#519 = CARTESIAN_POINT('',(-2.227562413411,-1.886245193314E+03));
#520 = CARTESIAN_POINT('',(-2.170436485268,-1.886245193315E+03));
#521 = CARTESIAN_POINT('',(-2.113313370214,-1.886245193315E+03));
#522 = CARTESIAN_POINT('',(-2.056193040207,-1.886245193315E+03));
#523 = CARTESIAN_POINT('',(-1.999074560771,-1.886245193315E+03));
#524 = CARTESIAN_POINT('',(-1.941956372257,-1.886245193315E+03));
#525 = CARTESIAN_POINT('',(-1.884836835201,-1.886245193315E+03));
#526 = CARTESIAN_POINT('',(-1.827714745192,-1.886245193315E+03));
#527 = CARTESIAN_POINT('',(-1.770589675053,-1.886245193315E+03));
#528 = CARTESIAN_POINT('',(-1.71346318543,-1.886245193315E+03));
#529 = CARTESIAN_POINT('',(-1.656337076649,-1.886245193315E+03));
#530 = CARTESIAN_POINT('',(-1.599223181262,-1.886245193315E+03));
#531 = CARTESIAN_POINT('',(-1.542110812193,-1.886245193315E+03));
#532 = CARTESIAN_POINT('',(-1.484984982498,-1.886245193315E+03));
#533 = CARTESIAN_POINT('',(-1.427858816679,-1.886245193315E+03));
#534 = CARTESIAN_POINT('',(-1.370733891641,-1.886245193315E+03));
#535 = CARTESIAN_POINT('',(-1.313611918804,-1.886245193315E+03));
#536 = CARTESIAN_POINT('',(-1.256492495598,-1.886245193315E+03));
#537 = CARTESIAN_POINT('',(-1.19937445476,-1.886245193315E+03));
#538 = CARTESIAN_POINT('',(-1.14225617049,-1.886245193315E+03));
#539 = CARTESIAN_POINT('',(-1.085136090388,-1.886245193315E+03));
#540 = CARTESIAN_POINT('',(-1.028013254769,-1.886245193315E+03));
#541 = CARTESIAN_POINT('',(-0.970887666331,-1.886245193315E+03));
#542 = CARTESIAN_POINT('',(-0.913761478173,-1.886245193315E+03));
#543 = CARTESIAN_POINT('',(-0.856637470422,-1.886245193315E+03));
#544 = CARTESIAN_POINT('',(-0.799528214269,-1.886245193315E+03));
#545 = CARTESIAN_POINT('',(-0.742419406949,-1.886245193315E+03));
#546 = CARTESIAN_POINT('',(-0.6853102587,-1.886245193315E+03));
#547 = CARTESIAN_POINT('',(-0.628201687002,-1.886245193315E+03));
#548 = CARTESIAN_POINT('',(-0.571093133611,-1.886245193315E+03));
#549 = CARTESIAN_POINT('',(-0.51398426737,-1.886245193315E+03));
#550 = CARTESIAN_POINT('',(-0.45687485559,-1.886245193315E+03));
#551 = CARTESIAN_POINT('',(-0.399767043652,-1.886245193315E+03));
#552 = CARTESIAN_POINT('',(-0.34265709491,-1.886245193315E+03));
#553 = CARTESIAN_POINT('',(-0.28554737959,-1.886245193315E+03));
#554 = CARTESIAN_POINT('',(-0.228438296126,-1.886245193315E+03));
#555 = CARTESIAN_POINT('',(-0.171329486497,-1.886245193315E+03));
#556 = CARTESIAN_POINT('',(-0.114220290972,-1.886245193315E+03));
#557 = CARTESIAN_POINT('',(-5.711017912178E-02,-1.886245193315E+03));
#558 = CARTESIAN_POINT('',(-1.903669287376E-02,-1.886245193315E+03));
#559 = CARTESIAN_POINT('',(0.,-1.886245193315E+03));
#560 = ( GEOMETRIC_REPRESENTATION_CONTEXT(2) 
PARAMETRIC_REPRESENTATION_CONTEXT() REPRESENTATION_CONTEXT('2D SPACE',''
  ) );
#561 = FACE_BOUND('',#562,.T.);
#562 = EDGE_LOOP('',(#563));
#563 = ORIENTED_EDGE('',*,*,#564,.T.);
#564 = EDGE_CURVE('',#565,#565,#567,.T.);
#565 = VERTEX_POINT('',#566);
#566 = CARTESIAN_POINT('',(-110.,-894.6831933148,0.));
#567 = SURFACE_CURVE('',#568,(#634,#729),.PCURVE_S1.);
#568 = B_SPLINE_CURVE_WITH_KNOTS('',8,(#569,#570,#571,#572,#573,#574,
    #575,#576,#577,#578,#579,#580,#581,#582,#583,#584,#585,#586,#587,
    #588,#589,#590,#591,#592,#593,#594,#595,#596,#597,#598,#599,#600,
    #601,#602,#603,#604,#605,#606,#607,#608,#609,#610,#611,#612,#613,
    #614,#615,#616,#617,#618,#619,#620,#621,#622,#623,#624,#625,#626,
    #627,#628,#629,#630,#631,#632,#633),.UNSPECIFIED.,.T.,.F.,(9,7,7,7,7
    ,7,7,7,7,9),(0.,6.734894419844E-02,0.130175194594,0.254292444385,
    0.378911723768,0.503028972783,0.627648251464,0.751765501234,
    0.87588275098,1.),.UNSPECIFIED.);
#569 = CARTESIAN_POINT('',(-110.,-894.6831933148,-2.84217094304E-14));
#570 = CARTESIAN_POINT('',(-110.,-894.6831933148,5.817499634177));
#571 = CARTESIAN_POINT('',(-109.6483809195,-894.6831933148,
    11.635176110271));
#572 = CARTESIAN_POINT('',(-108.9451076051,-894.6831933148,
    17.427845760983));
#573 = CARTESIAN_POINT('',(-107.8923661194,-894.6831933148,
    23.170755755284));
#574 = CARTESIAN_POINT('',(-106.4943589215,-894.6831933148,
    28.839546433506));
#575 = CARTESIAN_POINT('',(-104.7572445284,-894.6831933148,
    34.410248185393));
#576 = CARTESIAN_POINT('',(-102.6892216598,-894.6831933148,
    39.859312871115));
#577 = CARTESIAN_POINT('',(-98.07268693909,-894.6831933148,
    50.111841748317));
#578 = CARTESIAN_POINT('',(-95.56553928723,-894.6831933148,
    54.934593906868));
#579 = CARTESIAN_POINT('',(-92.78767753614,-894.6831933148,
    59.613256562363));
#580 = CARTESIAN_POINT('',(-89.74887268275,-894.6831933148,
    64.130140740923));
#581 = CARTESIAN_POINT('',(-86.46017894933,-894.6831933148,
    68.468466584794));
#582 = CARTESIAN_POINT('',(-82.93388960447,-894.6831933148,
    72.612339597959));
#583 = CARTESIAN_POINT('',(-79.18357374979,-894.6831933148,
    76.546784745911));
#584 = CARTESIAN_POINT('',(-67.40218793054,-894.6831933148,
    87.589260731679));
#585 = CARTESIAN_POINT('',(-58.75862220372,-894.6831933148,
    94.054080864648));
#586 = CARTESIAN_POINT('',(-49.41263875102,-894.6831933148,
    99.537020759716));
#587 = CARTESIAN_POINT('',(-39.49630152965,-894.6831933148,
    103.95277575452));
#588 = CARTESIAN_POINT('',(-29.14960861227,-894.6831933148,
    107.23585075099));
#589 = CARTESIAN_POINT('',(-18.52072803394,-894.6831933148,
    109.3422536875));
#590 = CARTESIAN_POINT('',(-7.765049609037,-894.6831933148,
    110.24807271032));
#591 = CARTESIAN_POINT('',(13.711988127408,-894.6831933148,
    109.67153942697));
#592 = CARTESIAN_POINT('',(24.446805036447,-894.6831933148,
    108.17914286631));
#593 = CARTESIAN_POINT('',(34.988361109787,-894.6831933148,
    105.48500703813));
#594 = CARTESIAN_POINT('',(45.180917068518,-894.6831933148,
    101.62188716523));
#595 = CARTESIAN_POINT('',(54.877171783864,-894.6831933148,
    96.642475866646));
#596 = CARTESIAN_POINT('',(63.939325293888,-894.6831933148,
    90.62083596571));
#597 = CARTESIAN_POINT('',(72.238727114943,-894.6831933148,
    83.650651433295));
#598 = CARTESIAN_POINT('',(87.054501812094,-894.6831933148,
    68.091462359695));
#599 = CARTESIAN_POINT('',(93.587347364688,-894.6831933148,
    59.499195141618));
#600 = CARTESIAN_POINT('',(99.143887728614,-894.6831933148,
    50.196781725376));
#601 = CARTESIAN_POINT('',(103.63777846495,-894.6831933184,
    40.315608606835));
#602 = CARTESIAN_POINT('',(107.00242144434,-894.6831933145,
    29.99515252226));
#603 = CARTESIAN_POINT('',(109.19265642891,-894.6831933148,
    19.383229649617));
#604 = CARTESIAN_POINT('',(110.18334575543,-894.6831933148,
    8.635036225414));
#605 = CARTESIAN_POINT('',(109.77635657049,-894.6831933148,
    -12.8458832958));
#606 = CARTESIAN_POINT('',(108.36874034166,-894.6831933148,
    -23.59214585305));
#607 = CARTESIAN_POINT('',(105.75789679626,-894.6831933148,
    -34.1546393566));
#608 = CARTESIAN_POINT('',(101.97535083446,-894.6831933148,
    -44.37737081988));
#609 = CARTESIAN_POINT('',(97.072630739723,-894.6831933148,
    -54.11262778043));
#610 = CARTESIAN_POINT('',(91.122709332661,-894.6831933148,
    -63.22202996226));
#611 = CARTESIAN_POINT('',(84.21825218756,-894.6831933148,
    -71.57619141506));
#612 = CARTESIAN_POINT('',(68.776494179017,-894.6831933148,
    -86.51431894081));
#613 = CARTESIAN_POINT('',(60.236060745896,-894.6831933148,
    -93.11478291027));
#614 = CARTESIAN_POINT('',(50.977796915858,-894.6831933148,
    -98.74457753045));
#615 = CARTESIAN_POINT('',(41.132403550848,-894.6831933148,
    -103.3163239754));
#616 = CARTESIAN_POINT('',(30.838827355156,-894.6831933148,
    -106.7623252644));
#617 = CARTESIAN_POINT('',(20.244523433844,-894.6831933148,
    -109.0362558018));
#618 = CARTESIAN_POINT('',(9.504484758089,-894.6831933148,
    -110.1117536924));
#619 = CARTESIAN_POINT('',(-11.9356175278,-894.6831933148,
    -109.8748131553));
#620 = CARTESIAN_POINT('',(-22.64926479461,-894.6831933148,
    -108.5622246114));
#621 = CARTESIAN_POINT('',(-33.19072771073,-894.6831933148,
    -106.0547168331));
#622 = CARTESIAN_POINT('',(-43.40563375202,-894.6831933148,
    -102.3820705997));
#623 = CARTESIAN_POINT('',(-53.14758761622,-894.6831933148,
    -97.59385892918));
#624 = CARTESIAN_POINT('',(-62.2791726268,-894.6831933148,
    -91.76083297117));
#625 = CARTESIAN_POINT('',(-70.67165090279,-894.6831933148,
    -84.97323868149));
#626 = CARTESIAN_POINT('',(-85.74901458335,-894.6831933148,
    -69.72833018214));
#627 = CARTESIAN_POINT('',(-92.44345245519,-894.6831933148,
    -61.26135737472));
#628 = CARTESIAN_POINT('',(-98.1752127267,-894.6831933148,
    -52.06587150528));
#629 = CARTESIAN_POINT('',(-102.8554775768,-894.6831933148,
    -42.27159985993));
#630 = CARTESIAN_POINT('',(-106.4150187026,-894.6831933148,
    -32.01673256808));
#631 = CARTESIAN_POINT('',(-108.8058838623,-894.6831933148,
    -21.44820380872));
#632 = CARTESIAN_POINT('',(-110.,-894.6831933148,-10.72070578296));
#633 = CARTESIAN_POINT('',(-110.,-894.6831933148,-2.84217094304E-14));
#634 = PCURVE('',#31,#635);
#635 = DEFINITIONAL_REPRESENTATION('',(#636),#728);
#636 = B_SPLINE_CURVE_WITH_KNOTS('',3,(#637,#638,#639,#640,#641,#642,
    #643,#644,#645,#646,#647,#648,#649,#650,#651,#652,#653,#654,#655,
    #656,#657,#658,#659,#660,#661,#662,#663,#664,#665,#666,#667,#668,
    #669,#670,#671,#672,#673,#674,#675,#676,#677,#678,#679,#680,#681,
    #682,#683,#684,#685,#686,#687,#688,#689,#690,#691,#692,#693,#694,
    #695,#696,#697,#698,#699,#700,#701,#702,#703,#704,#705,#706,#707,
    #708,#709,#710,#711,#712,#713,#714,#715,#716,#717,#718,#719,#720,
    #721,#722,#723,#724,#725,#726,#727),.UNSPECIFIED.,.F.,.F.,(4,1,1,1,1
    ,1,1,1,1,1,1,1,1,1,1,1,1,1,1,1,1,1,1,1,1,1,1,1,1,1,1,1,1,1,1,1,1,1,1
    ,1,1,1,1,1,1,1,1,1,1,1,1,1,1,1,1,1,1,1,1,1,1,1,1,1,1,1,1,1,1,1,1,1,1
    ,1,1,1,1,1,1,1,1,1,1,1,1,1,1,1,4),(0.,1.136363636364E-02,
    2.272727272727E-02,3.409090909091E-02,4.545454545455E-02,
    5.681818181818E-02,6.818181818182E-02,7.954545454545E-02,
    9.090909090909E-02,0.102272727273,0.113636363636,0.125,
    0.136363636364,0.147727272727,0.159090909091,0.170454545455,
    0.181818181818,0.193181818182,0.204545454545,0.215909090909,
    0.227272727273,0.238636363636,0.25,0.261363636364,0.272727272727,
    0.284090909091,0.295454545455,0.306818181818,0.318181818182,
    0.329545454545,0.340909090909,0.352272727273,0.363636363636,0.375,
    0.386363636364,0.397727272727,0.409090909091,0.420454545455,
    0.431818181818,0.443181818182,0.454545454545,0.465909090909,
    0.477272727273,0.488636363636,0.5,0.511363636364,0.522727272727,
    0.534090909091,0.545454545455,0.556818181818,0.568181818182,
    0.579545454545,0.590909090909,0.602272727273,0.613636363636,0.625,
    0.636363636364,0.647727272727,0.659090909091,0.670454545455,
    0.681818181818,0.693181818182,0.704545454545,0.715909090909,
    0.727272727273,0.738636363636,0.75,0.761363636364,0.772727272727,
    0.784090909091,0.795454545455,0.806818181818,0.818181818182,
    0.829545454545,0.840909090909,0.852272727273,0.863636363636,0.875,
    0.886363636364,0.897727272727,0.909090909091,0.920454545455,
    0.931818181818,0.943181818182,0.954545454545,0.965909090909,
    0.977272727273,0.988636363636,1.),.QUASI_UNIFORM_KNOTS.);
#637 = CARTESIAN_POINT('',(4.590054383904,-3.152992992213E-17));
#638 = CARTESIAN_POINT('',(4.590054144441,2.903833260362E-03));
#639 = CARTESIAN_POINT('',(4.590260322389,8.711419071097E-03));
#640 = CARTESIAN_POINT('',(4.59118496423,1.73790792301E-02));
#641 = CARTESIAN_POINT('',(4.592721496276,2.595933211563E-02));
#642 = CARTESIAN_POINT('',(4.594862545364,3.44092320237E-02));
#643 = CARTESIAN_POINT('',(4.597598234437,4.268636512421E-02));
#644 = CARTESIAN_POINT('',(4.600915579975,5.074860535217E-02));
#645 = CARTESIAN_POINT('',(4.604798948872,5.855531513417E-02));
#646 = CARTESIAN_POINT('',(4.609229908575,6.606690896406E-02));
#647 = CARTESIAN_POINT('',(4.614187134726,7.324497140604E-02));
#648 = CARTESIAN_POINT('',(4.619646738766,8.005290740673E-02));
#649 = CARTESIAN_POINT('',(4.625582187901,8.645577001028E-02));
#650 = CARTESIAN_POINT('',(4.631964011893,9.242033807614E-02));
#651 = CARTESIAN_POINT('',(4.638762866322,9.79174627952E-02));
#652 = CARTESIAN_POINT('',(4.645943025591,0.102916689014));
#653 = CARTESIAN_POINT('',(4.653467751993,0.107391643043));
#654 = CARTESIAN_POINT('',(4.661298525978,0.11131882326));
#655 = CARTESIAN_POINT('',(4.66939537017,0.11467775608));
#656 = CARTESIAN_POINT('',(4.677716857633,0.117450879412));
#657 = CARTESIAN_POINT('',(4.686220188237,0.119623579718));
#658 = CARTESIAN_POINT('',(4.694861235217,0.121184254863));
#659 = CARTESIAN_POINT('',(4.703594579852,0.122124467318));
#660 = CARTESIAN_POINT('',(4.712373552733,0.122439077564));
#661 = CARTESIAN_POINT('',(4.721150164387,0.122126795043));
#662 = CARTESIAN_POINT('',(4.729883752237,0.121189011491));
#663 = CARTESIAN_POINT('',(4.738525515129,0.119630607359));
#664 = CARTESIAN_POINT('',(4.74702992079,0.117460053533));
#665 = CARTESIAN_POINT('',(4.75535245005,0.11468901286));
#666 = CARTESIAN_POINT('',(4.763450208044,0.11133218543));
#667 = CARTESIAN_POINT('',(4.771281789541,0.107407177417));
#668 = CARTESIAN_POINT('',(4.778807364202,0.102934439368));
#669 = CARTESIAN_POINT('',(4.78598870921,9.793725990882E-02));
#670 = CARTESIAN_POINT('',(4.792789311529,9.244181421109E-02));
#671 = CARTESIAN_POINT('',(4.799174341381,8.64773126568E-02));
#672 = CARTESIAN_POINT('',(4.805111206407,8.007613682773E-02));
#673 = CARTESIAN_POINT('',(4.810574213437,7.326740272253E-02));
#674 = CARTESIAN_POINT('',(4.81553452241,6.608818026397E-02));
#675 = CARTESIAN_POINT('',(4.819968089992,5.857553270188E-02));
#676 = CARTESIAN_POINT('',(4.823853624738,5.076798554587E-02));
#677 = CARTESIAN_POINT('',(4.827172849884,4.270501044978E-02));
#678 = CARTESIAN_POINT('',(4.829910242086,3.442709219757E-02));
#679 = CARTESIAN_POINT('',(4.832052997125,2.597567156348E-02));
#680 = CARTESIAN_POINT('',(4.833591014263,1.739319308637E-02));
#681 = CARTESIAN_POINT('',(4.834516984988,8.723031839367E-03));
#682 = CARTESIAN_POINT('',(4.83482649408,9.971665274718E-06));
#683 = CARTESIAN_POINT('',(4.834518497203,-8.701216302939E-03));
#684 = CARTESIAN_POINT('',(4.833594107575,-1.737160735577E-02));
#685 = CARTESIAN_POINT('',(4.832057562495,-2.595455677124E-02));
#686 = CARTESIAN_POINT('',(4.829916195689,-3.440670617396E-02));
#687 = CARTESIAN_POINT('',(4.827180152272,-4.268530974264E-02));
#688 = CARTESIAN_POINT('',(4.823862299434,-5.074886736467E-02));
#689 = CARTESIAN_POINT('',(4.819978190609,-5.85569113074E-02));
#690 = CARTESIAN_POINT('',(4.815546095624,-6.607006913155E-02));
#691 = CARTESIAN_POINT('',(4.810587124302,-7.325005659824E-02));
#692 = CARTESIAN_POINT('',(4.805125294895,-8.005987044224E-02));
#693 = CARTESIAN_POINT('',(4.799188126883,-8.646347163897E-02));
#694 = CARTESIAN_POINT('',(4.792805640007,-9.242756688004E-02));
#695 = CARTESIAN_POINT('',(4.786006031935,-9.792427261368E-02));
#696 = CARTESIAN_POINT('',(4.778825468917,-0.102922782633));
#697 = CARTESIAN_POINT('',(4.771300428372,-0.107396991252));
#698 = CARTESIAN_POINT('',(4.763469387686,-0.111323416859));
#699 = CARTESIAN_POINT('',(4.755372259729,-0.114681614439));
#700 = CARTESIAN_POINT('',(4.747050460253,-0.117454010483));
#701 = CARTESIAN_POINT('',(4.738546800737,-0.119625970342));
#702 = CARTESIAN_POINT('',(4.72990552167,-0.121185872502));
#703 = CARTESIAN_POINT('',(4.721172005852,-0.122125270421));
#704 = CARTESIAN_POINT('',(4.71239370988,-0.12243907402));
#705 = CARTESIAN_POINT('',(4.70361665151,-0.122126011747));
#706 = CARTESIAN_POINT('',(4.694882998151,-0.121187398872));
#707 = CARTESIAN_POINT('',(4.686241497973,-0.119628222003));
#708 = CARTESIAN_POINT('',(4.677737461573,-0.117456942148));
#709 = CARTESIAN_POINT('',(4.669415317675,-0.114685205897));
#710 = CARTESIAN_POINT('',(4.661317907475,-0.111327684032));
#711 = CARTESIAN_POINT('',(4.65348663851,-0.107401967078));
#712 = CARTESIAN_POINT('',(4.645961369996,-0.102928498637));
#713 = CARTESIAN_POINT('',(4.638780438274,-9.793065231116E-02));
#714 = CARTESIAN_POINT('',(4.631980313864,-9.243454700518E-02));
#715 = CARTESIAN_POINT('',(4.625596493926,-8.647015451181E-02));
#716 = CARTESIAN_POINT('',(4.619659682563,-8.006796767701E-02));
#717 = CARTESIAN_POINT('',(4.614197199377,-7.325861060673E-02));
#718 = CARTESIAN_POINT('',(4.609237581027,-6.607901303612E-02));
#719 = CARTESIAN_POINT('',(4.604804758638,-5.85661089649E-02));
#720 = CARTESIAN_POINT('',(4.600919954643,-5.075832905846E-02));
#721 = CARTESIAN_POINT('',(4.597601433052,-4.269508622294E-02));
#722 = CARTESIAN_POINT('',(4.594864726036,-3.441685072046E-02));
#723 = CARTESIAN_POINT('',(4.592722684574,-2.596509541607E-02));
#724 = CARTESIAN_POINT('',(4.591185363909,-1.738236427185E-02));
#725 = CARTESIAN_POINT('',(4.590260338569,-8.712158360373E-03));
#726 = CARTESIAN_POINT('',(4.590054115452,-2.903794186856E-03));
#727 = CARTESIAN_POINT('',(4.590054383904,-3.152992992213E-17));
#728 = ( GEOMETRIC_REPRESENTATION_CONTEXT(2) 
PARAMETRIC_REPRESENTATION_CONTEXT() REPRESENTATION_CONTEXT('2D SPACE',''
  ) );
#729 = PCURVE('',#730,#735);
#730 = CYLINDRICAL_SURFACE('',#731,110.);
#731 = AXIS2_PLACEMENT_3D('',#732,#733,#734);
#732 = CARTESIAN_POINT('',(-1.100854962743E-13,-991.562,0.));
#733 = DIRECTION('',(-1.110223024625E-16,-1.,-0.));
#734 = DIRECTION('',(-1.,1.110223024625E-16,0.));
#735 = DEFINITIONAL_REPRESENTATION('',(#736),#828);
#736 = B_SPLINE_CURVE_WITH_KNOTS('',3,(#737,#738,#739,#740,#741,#742,
    #743,#744,#745,#746,#747,#748,#749,#750,#751,#752,#753,#754,#755,
    #756,#757,#758,#759,#760,#761,#762,#763,#764,#765,#766,#767,#768,
    #769,#770,#771,#772,#773,#774,#775,#776,#777,#778,#779,#780,#781,
    #782,#783,#784,#785,#786,#787,#788,#789,#790,#791,#792,#793,#794,
    #795,#796,#797,#798,#799,#800,#801,#802,#803,#804,#805,#806,#807,
    #808,#809,#810,#811,#812,#813,#814,#815,#816,#817,#818,#819,#820,
    #821,#822,#823,#824,#825,#826,#827),.UNSPECIFIED.,.F.,.F.,(4,1,1,1,1
    ,1,1,1,1,1,1,1,1,1,1,1,1,1,1,1,1,1,1,1,1,1,1,1,1,1,1,1,1,1,1,1,1,1,1
    ,1,1,1,1,1,1,1,1,1,1,1,1,1,1,1,1,1,1,1,1,1,1,1,1,1,1,1,1,1,1,1,1,1,1
    ,1,1,1,1,1,1,1,1,1,1,1,1,1,1,1,4),(0.,1.136363636364E-02,
    2.272727272727E-02,3.409090909091E-02,4.545454545455E-02,
    5.681818181818E-02,6.818181818182E-02,7.954545454545E-02,
    9.090909090909E-02,0.102272727273,0.113636363636,0.125,
    0.136363636364,0.147727272727,0.159090909091,0.170454545455,
    0.181818181818,0.193181818182,0.204545454545,0.215909090909,
    0.227272727273,0.238636363636,0.25,0.261363636364,0.272727272727,
    0.284090909091,0.295454545455,0.306818181818,0.318181818182,
    0.329545454545,0.340909090909,0.352272727273,0.363636363636,0.375,
    0.386363636364,0.397727272727,0.409090909091,0.420454545455,
    0.431818181818,0.443181818182,0.454545454545,0.465909090909,
    0.477272727273,0.488636363636,0.5,0.511363636364,0.522727272727,
    0.534090909091,0.545454545455,0.556818181818,0.568181818182,
    0.579545454545,0.590909090909,0.602272727273,0.613636363636,0.625,
    0.636363636364,0.647727272727,0.659090909091,0.670454545455,
    0.681818181818,0.693181818182,0.704545454545,0.715909090909,
    0.727272727273,0.738636363636,0.75,0.761363636364,0.772727272727,
    0.784090909091,0.795454545455,0.806818181818,0.818181818182,
    0.829545454545,0.840909090909,0.852272727273,0.863636363636,0.875,
    0.886363636364,0.897727272727,0.909090909091,0.920454545455,
    0.931818181818,0.943181818182,0.954545454545,0.965909090909,
    0.977272727273,0.988636363636,1.),.QUASI_UNIFORM_KNOTS.);
#737 = CARTESIAN_POINT('',(0.,-96.87880668518));
#738 = CARTESIAN_POINT('',(-2.379596114124E-02,-96.87880668518));
#739 = CARTESIAN_POINT('',(-7.138778808476E-02,-96.87880668518));
#740 = CARTESIAN_POINT('',(-0.142775068871,-96.87880668518));
#741 = CARTESIAN_POINT('',(-0.214161091122,-96.87880668518));
#742 = CARTESIAN_POINT('',(-0.285547244463,-96.87880668518));
#743 = CARTESIAN_POINT('',(-0.356934840419,-96.87880668518));
#744 = CARTESIAN_POINT('',(-0.428320890249,-96.87880668518));
#745 = CARTESIAN_POINT('',(-0.499706824691,-96.87880668518));
#746 = CARTESIAN_POINT('',(-0.571093220874,-96.87880668518));
#747 = CARTESIAN_POINT('',(-0.642478780622,-96.87880668518));
#748 = CARTESIAN_POINT('',(-0.713864663715,-96.87880668518));
#749 = CARTESIAN_POINT('',(-0.785251441174,-96.87880668518));
#750 = CARTESIAN_POINT('',(-0.85663630916,-96.87880668518));
#751 = CARTESIAN_POINT('',(-0.928042896307,-96.87880668518));
#752 = CARTESIAN_POINT('',(-0.999450899413,-96.87880668518));
#753 = CARTESIAN_POINT('',(-1.070855961523,-96.87880668518));
#754 = CARTESIAN_POINT('',(-1.14225633977,-96.87880668518));
#755 = CARTESIAN_POINT('',(-1.213653906485,-96.87880668518));
#756 = CARTESIAN_POINT('',(-1.285051741675,-96.87880668518));
#757 = CARTESIAN_POINT('',(-1.356452843551,-96.87880668518));
#758 = CARTESIAN_POINT('',(-1.427858578378,-96.87880668518));
#759 = CARTESIAN_POINT('',(-1.499266983752,-96.87880668518));
#760 = CARTESIAN_POINT('',(-1.570670960422,-96.87880668518));
#761 = CARTESIAN_POINT('',(-1.642055047023,-96.87880668518));
#762 = CARTESIAN_POINT('',(-1.713463276374,-96.87880668518));
#763 = CARTESIAN_POINT('',(-1.784871340859,-96.87880668518));
#764 = CARTESIAN_POINT('',(-1.856276467954,-96.87880668518));
#765 = CARTESIAN_POINT('',(-1.927676831745,-96.87880668518));
#766 = CARTESIAN_POINT('',(-1.999074534659,-96.87880668518));
#767 = CARTESIAN_POINT('',(-2.070472685122,-96.87880668518));
#768 = CARTESIAN_POINT('',(-2.141874271822,-96.87880668518));
#769 = CARTESIAN_POINT('',(-2.213280505849,-96.87880668518));
#770 = CARTESIAN_POINT('',(-2.284689376208,-96.87880668518));
#771 = CARTESIAN_POINT('',(-2.356092875095,-96.87880668518));
#772 = CARTESIAN_POINT('',(-2.42747725966,-96.87880668518));
#773 = CARTESIAN_POINT('',(-2.498885548526,-96.87880668514));
#774 = CARTESIAN_POINT('',(-2.570293143926,-96.87880668491));
#775 = CARTESIAN_POINT('',(-2.64169775201,-96.87880668456));
#776 = CARTESIAN_POINT('',(-2.713097673161,-96.87880668427));
#777 = CARTESIAN_POINT('',(-2.784495112998,-96.8788066842));
#778 = CARTESIAN_POINT('',(-2.855893172441,-96.8788066844));
#779 = CARTESIAN_POINT('',(-2.927294793545,-96.87880668475));
#780 = CARTESIAN_POINT('',(-2.9987009047,-96.87880668505));
#781 = CARTESIAN_POINT('',(-3.070109646211,-96.87880668518));
#782 = CARTESIAN_POINT('',(-3.141511010445,-96.87880668518));
#783 = CARTESIAN_POINT('',(-3.212896600867,-96.87880668518));
#784 = CARTESIAN_POINT('',(-3.284305864906,-96.87880668518));
#785 = CARTESIAN_POINT('',(-3.355713632455,-96.87880668518));
#786 = CARTESIAN_POINT('',(-3.427118253322,-96.87880668518));
#787 = CARTESIAN_POINT('',(-3.498518180462,-96.87880668518));
#788 = CARTESIAN_POINT('',(-3.569915773193,-96.87880668518));
#789 = CARTESIAN_POINT('',(-3.641314168573,-96.87880668518));
#790 = CARTESIAN_POINT('',(-3.712716288438,-96.87880668518));
#791 = CARTESIAN_POINT('',(-3.784122885537,-96.87880668518));
#792 = CARTESIAN_POINT('',(-3.855532084008,-96.87880668518));
#793 = CARTESIAN_POINT('',(-3.926932787516,-96.87880668518));
#794 = CARTESIAN_POINT('',(-3.998318916673,-96.87880668518));
#795 = CARTESIAN_POINT('',(-4.069728083679,-96.87880668518));
#796 = CARTESIAN_POINT('',(-4.141135384865,-96.87880668518));
#797 = CARTESIAN_POINT('',(-4.212539481698,-96.87880668518));
#798 = CARTESIAN_POINT('',(-4.28393898373,-96.87880668518));
#799 = CARTESIAN_POINT('',(-4.355336333465,-96.87880668518));
#800 = CARTESIAN_POINT('',(-4.426734652571,-96.87880668518));
#801 = CARTESIAN_POINT('',(-4.498136812714,-96.87880668518));
#802 = CARTESIAN_POINT('',(-4.569543248208,-96.87880668518));
#803 = CARTESIAN_POINT('',(-4.640952314838,-96.87880668518));
#804 = CARTESIAN_POINT('',(-4.71235054929,-96.87880668518));
#805 = CARTESIAN_POINT('',(-4.78373850066,-96.87880668518));
#806 = CARTESIAN_POINT('',(-4.855147993171,-96.87880668518));
#807 = CARTESIAN_POINT('',(-4.926555108177,-96.87880668518));
#808 = CARTESIAN_POINT('',(-4.997958830844,-96.87880668518));
#809 = CARTESIAN_POINT('',(-5.069358060848,-96.87880668518));
#810 = CARTESIAN_POINT('',(-5.140755371654,-96.87880668518));
#811 = CARTESIAN_POINT('',(-5.212153893107,-96.87880668518));
#812 = CARTESIAN_POINT('',(-5.283556441526,-96.87880668518));
#813 = CARTESIAN_POINT('',(-5.354963069172,-96.87880668518));
#814 = CARTESIAN_POINT('',(-5.426372359715,-96.87880668518));
#815 = CARTESIAN_POINT('',(-5.497768070245,-96.87880668518));
#816 = CARTESIAN_POINT('',(-5.569158263901,-96.87880668518));
#817 = CARTESIAN_POINT('',(-5.640567872864,-96.87880668518));
#818 = CARTESIAN_POINT('',(-5.711974815631,-96.87880668518));
#819 = CARTESIAN_POINT('',(-5.783378153921,-96.87880668518));
#820 = CARTESIAN_POINT('',(-5.854777131606,-96.87880668518));
#821 = CARTESIAN_POINT('',(-5.926174417643,-96.87880668518));
#822 = CARTESIAN_POINT('',(-5.997573180429,-96.87880668518));
#823 = CARTESIAN_POINT('',(-6.068976040667,-96.87880668518));
#824 = CARTESIAN_POINT('',(-6.140383143126,-96.87880668518));
#825 = CARTESIAN_POINT('',(-6.211791477819,-96.87880668518));
#826 = CARTESIAN_POINT('',(-6.259389663382,-96.87880668518));
#827 = CARTESIAN_POINT('',(-6.28318530718,-96.87880668518));
#828 = ( GEOMETRIC_REPRESENTATION_CONTEXT(2) 
PARAMETRIC_REPRESENTATION_CONTEXT() REPRESENTATION_CONTEXT('2D SPACE',''
  ) );
#829 = FACE_BOUND('',#830,.T.);
#830 = EDGE_LOOP('',(#831));
#831 = ORIENTED_EDGE('',*,*,#832,.T.);
#832 = EDGE_CURVE('',#833,#833,#835,.T.);
#833 = VERTEX_POINT('',#834);
#834 = CARTESIAN_POINT('',(-894.6831933148,110.,0.));
#835 = SURFACE_CURVE('',#836,(#841,#899),.PCURVE_S1.);
#836 = CIRCLE('',#837,110.);
#837 = AXIS2_PLACEMENT_3D('',#838,#839,#840);
#838 = CARTESIAN_POINT('',(-894.6831933148,3.552713678801E-15,
    7.105427357601E-15));
#839 = DIRECTION('',(1.,0.,0.));
#840 = DIRECTION('',(-0.,1.,3.640315855416E-16));
#841 = PCURVE('',#31,#842);
#842 = DEFINITIONAL_REPRESENTATION('',(#843),#898);
#843 = B_SPLINE_CURVE_WITH_KNOTS('',8,(#844,#845,#846,#847,#848,#849,
    #850,#851,#852,#853,#854,#855,#856,#857,#858,#859,#860,#861,#862,
    #863,#864,#865,#866,#867,#868,#869,#870,#871,#872,#873,#874,#875,
    #876,#877,#878,#879,#880,#881,#882,#883,#884,#885,#886,#887,#888,
    #889,#890,#891,#892,#893,#894,#895,#896,#897),.UNSPECIFIED.,.T.,.F.,
  (9,7,7,7,3,7,7,7,9),(0.,0.466330159517,1.668971097219,2.356194490192,
    3.14159265359,4.156320944776,5.171049235962,5.84753476342,
    6.28318530718),.UNSPECIFIED.);
#844 = CARTESIAN_POINT('',(3.263927250852,-1.057972459639E-11));
#845 = CARTESIAN_POINT('',(3.263927251,-7.113265438826E-03));
#846 = CARTESIAN_POINT('',(3.263456916298,-1.422653086055E-02));
#847 = CARTESIAN_POINT('',(3.26251624658,-2.130351425553E-02));
#848 = CARTESIAN_POINT('',(3.261108347429,-2.830793361024E-02));
#849 = CARTESIAN_POINT('',(3.259239430494,-3.520384868031E-02));
#850 = CARTESIAN_POINT('',(3.256918802237,-4.195600274189E-02));
#851 = CARTESIAN_POINT('',(3.254158839789,-4.853016743936E-02));
#852 = CARTESIAN_POINT('',(3.242763875311,-7.130417770368E-02));
#853 = CARTESIAN_POINT('',(3.231733275293,-8.631258990096E-02));
#854 = CARTESIAN_POINT('',(3.218147290796,-9.935519844396E-02));
#855 = CARTESIAN_POINT('',(3.202403683888,-0.109929805472));
#856 = CARTESIAN_POINT('',(3.185025586663,-0.117633527151));
#857 = CARTESIAN_POINT('',(3.166645092204,-0.122206105195));
#858 = CARTESIAN_POINT('',(3.14793337051,-0.123554093623));
#859 = CARTESIAN_POINT('',(3.119032915379,-0.120707440555));
#860 = CARTESIAN_POINT('',(3.108628320608,-0.118640624718));
#861 = CARTESIAN_POINT('',(3.098449983174,-0.115554302897));
#862 = CARTESIAN_POINT('',(3.088617452868,-0.111477576598));
#863 = CARTESIAN_POINT('',(3.079244503215,-0.106456119273));
#864 = CARTESIAN_POINT('',(3.070435921139,-0.100550788225));
#865 = CARTESIAN_POINT('',(3.062285128007,-9.383560032237E-02));
#866 = CARTESIAN_POINT('',(3.046401875346,-7.789243646858E-02));
#867 = CARTESIAN_POINT('',(3.038895517506,-6.844253724877E-02));
#868 = CARTESIAN_POINT('',(3.032474500372,-5.817248479133E-02));
#869 = CARTESIAN_POINT('',(3.020472177036,-3.308694578722E-02));
#870 = CARTESIAN_POINT('',(3.015084880564,-5.29395439316E-03));
#871 = CARTESIAN_POINT('',(3.016913533183,2.317487984415E-02));
#872 = CARTESIAN_POINT('',(3.025871347488,5.01612302648E-02));
#873 = CARTESIAN_POINT('',(3.041180063085,7.367037503562E-02));
#874 = CARTESIAN_POINT('',(3.051619565725,8.549379725443E-02));
#875 = CARTESIAN_POINT('',(3.063595263901,9.561630115581E-02));
#876 = CARTESIAN_POINT('',(3.089974850431,0.112045320531));
#877 = CARTESIAN_POINT('',(3.104378739882,0.118351836548));
#878 = CARTESIAN_POINT('',(3.11967455885,0.122543277835));
#879 = CARTESIAN_POINT('',(3.135491696092,0.124477700296));
#880 = CARTESIAN_POINT('',(3.151426221812,0.124091448388));
#881 = CARTESIAN_POINT('',(3.167068340766,0.121407767192));
#882 = CARTESIAN_POINT('',(3.182032291895,0.116531401151));
#883 = CARTESIAN_POINT('',(3.205268656873,0.10504073274));
#884 = CARTESIAN_POINT('',(3.21410892297,9.954756131477E-02));
#885 = CARTESIAN_POINT('',(3.222393011801,9.320923179629E-02));
#886 = CARTESIAN_POINT('',(3.230027298168,8.609130644588E-02));
#887 = CARTESIAN_POINT('',(3.236928960437,7.827160987196E-02));
#888 = CARTESIAN_POINT('',(3.243027502416,6.983815603008E-02));
#889 = CARTESIAN_POINT('',(3.248265532263,6.088686127074E-02));
#890 = CARTESIAN_POINT('',(3.255389820602,4.548675530089E-02));
#891 = CARTESIAN_POINT('',(3.257805461686,3.92815462453E-02));
#892 = CARTESIAN_POINT('',(3.259834235217,3.293086163723E-02));
#893 = CARTESIAN_POINT('',(3.261466709963,2.646282226763E-02));
#894 = CARTESIAN_POINT('',(3.262695797325,1.990628044788E-02));
#895 = CARTESIAN_POINT('',(3.26351676616,1.329057487421E-02));
#896 = CARTESIAN_POINT('',(3.263927250714,6.645287428969E-03));
#897 = CARTESIAN_POINT('',(3.263927250852,-1.057972459639E-11));
#898 = ( GEOMETRIC_REPRESENTATION_CONTEXT(2) 
PARAMETRIC_REPRESENTATION_CONTEXT() REPRESENTATION_CONTEXT('2D SPACE',''
  ) );
#899 = PCURVE('',#900,#905);
#900 = CYLINDRICAL_SURFACE('',#901,110.);
#901 = AXIS2_PLACEMENT_3D('',#902,#903,#904);
#902 = CARTESIAN_POINT('',(-991.562,0.,0.));
#903 = DIRECTION('',(-1.,-0.,-0.));
#904 = DIRECTION('',(0.,1.,0.));
#905 = DEFINITIONAL_REPRESENTATION('',(#906),#910);
#906 = LINE('',#907,#908);
#907 = CARTESIAN_POINT('',(-0.,-96.87880668518));
#908 = VECTOR('',#909,1.);
#909 = DIRECTION('',(-1.,-0.));
#910 = ( GEOMETRIC_REPRESENTATION_CONTEXT(2) 
PARAMETRIC_REPRESENTATION_CONTEXT() REPRESENTATION_CONTEXT('2D SPACE',''
  ) );
#911 = ADVANCED_FACE('',(#912),#900,.F.);
#912 = FACE_BOUND('',#913,.T.);
#913 = EDGE_LOOP('',(#914,#937,#938,#939));
#914 = ORIENTED_EDGE('',*,*,#915,.F.);
#915 = EDGE_CURVE('',#833,#916,#918,.T.);
#916 = VERTEX_POINT('',#917);
#917 = CARTESIAN_POINT('',(-842.8523002282,110.,0.));
#918 = SEAM_CURVE('',#919,(#923,#930),.PCURVE_S1.);
#919 = LINE('',#920,#921);
#920 = CARTESIAN_POINT('',(-991.562,110.,0.));
#921 = VECTOR('',#922,1.);
#922 = DIRECTION('',(1.,0.,0.));
#923 = PCURVE('',#900,#924);
#924 = DEFINITIONAL_REPRESENTATION('',(#925),#929);
#925 = LINE('',#926,#927);
#926 = CARTESIAN_POINT('',(-6.28318530718,0.));
#927 = VECTOR('',#928,1.);
#928 = DIRECTION('',(-0.,-1.));
#929 = ( GEOMETRIC_REPRESENTATION_CONTEXT(2) 
PARAMETRIC_REPRESENTATION_CONTEXT() REPRESENTATION_CONTEXT('2D SPACE',''
  ) );
#930 = PCURVE('',#900,#931);
#931 = DEFINITIONAL_REPRESENTATION('',(#932),#936);
#932 = LINE('',#933,#934);
#933 = CARTESIAN_POINT('',(-0.,0.));
#934 = VECTOR('',#935,1.);
#935 = DIRECTION('',(-0.,-1.));
#936 = ( GEOMETRIC_REPRESENTATION_CONTEXT(2) 
PARAMETRIC_REPRESENTATION_CONTEXT() REPRESENTATION_CONTEXT('2D SPACE',''
  ) );
#937 = ORIENTED_EDGE('',*,*,#832,.F.);
#938 = ORIENTED_EDGE('',*,*,#915,.T.);
#939 = ORIENTED_EDGE('',*,*,#940,.T.);
#940 = EDGE_CURVE('',#916,#916,#941,.T.);
#941 = SURFACE_CURVE('',#942,(#947,#954),.PCURVE_S1.);
#942 = CIRCLE('',#943,110.);
#943 = AXIS2_PLACEMENT_3D('',#944,#945,#946);
#944 = CARTESIAN_POINT('',(-842.8523002282,0.,-1.42108547152E-14));
#945 = DIRECTION('',(1.,0.,0.));
#946 = DIRECTION('',(-0.,1.,5.578159680216E-16));
#947 = PCURVE('',#900,#948);
#948 = DEFINITIONAL_REPRESENTATION('',(#949),#953);
#949 = LINE('',#950,#951);
#950 = CARTESIAN_POINT('',(-0.,-148.7096997717));
#951 = VECTOR('',#952,1.);
#952 = DIRECTION('',(-1.,-0.));
#953 = ( GEOMETRIC_REPRESENTATION_CONTEXT(2) 
PARAMETRIC_REPRESENTATION_CONTEXT() REPRESENTATION_CONTEXT('2D SPACE',''
  ) );
#954 = PCURVE('',#955,#960);
#955 = SPHERICAL_SURFACE('',#956,850.);
#956 = AXIS2_PLACEMENT_3D('',#957,#958,#959);
#957 = CARTESIAN_POINT('',(0.,0.,0.));
#958 = DIRECTION('',(0.,0.,1.));
#959 = DIRECTION('',(1.,0.,0.));
#960 = DEFINITIONAL_REPRESENTATION('',(#961),#1017);
#961 = B_SPLINE_CURVE_WITH_KNOTS('',8,(#962,#963,#964,#965,#966,#967,
    #968,#969,#970,#971,#972,#973,#974,#975,#976,#977,#978,#979,#980,
    #981,#982,#983,#984,#985,#986,#987,#988,#989,#990,#991,#992,#993,
    #994,#995,#996,#997,#998,#999,#1000,#1001,#1002,#1003,#1004,#1005,
    #1006,#1007,#1008,#1009,#1010,#1011,#1012,#1013,#1014,#1015,#1016),
  .UNSPECIFIED.,.T.,.F.,(9,7,7,7,4,7,7,7,9),(0.,0.466330159517,
    1.66897109722,2.356194490192,3.14159265359,4.156320944776,
    5.171049235962,5.84753476342,6.28318530718),.UNSPECIFIED.);
#962 = CARTESIAN_POINT('',(3.271368387479,-1.248866808579E-11));
#963 = CARTESIAN_POINT('',(3.271368387656,-7.543576160289E-03));
#964 = CARTESIAN_POINT('',(3.270870070538,-1.508715230039E-02));
#965 = CARTESIAN_POINT('',(3.269873435927,-2.259232405693E-02));
#966 = CARTESIAN_POINT('',(3.268381734056,-3.002068706202E-02));
#967 = CARTESIAN_POINT('',(3.266401465968,-3.733419175028E-02));
#968 = CARTESIAN_POINT('',(3.263942378016,-4.449549814035E-02));
#969 = CARTESIAN_POINT('',(3.261017448917,-5.146833609399E-02));
#970 = CARTESIAN_POINT('',(3.248940000786,-7.562458612215E-02));
#971 = CARTESIAN_POINT('',(3.237246497579,-9.154615971109E-02));
#972 = CARTESIAN_POINT('',(3.222839830718,-0.105385083684));
#973 = CARTESIAN_POINT('',(3.206138896347,-0.11660796707));
#974 = CARTESIAN_POINT('',(3.187696760631,-0.124785433344));
#975 = CARTESIAN_POINT('',(3.168186289501,-0.129639398996));
#976 = CARTESIAN_POINT('',(3.148323009704,-0.131070207823));
#977 = CARTESIAN_POINT('',(3.117645896388,-0.12804852868));
#978 = CARTESIAN_POINT('',(3.106602087702,-0.125854655094));
#979 = CARTESIAN_POINT('',(3.095799315162,-0.122578681704));
#980 = CARTESIAN_POINT('',(3.085364877017,-0.118251663631));
#981 = CARTESIAN_POINT('',(3.075419749656,-0.112922326207));
#982 = CARTESIAN_POINT('',(3.066075116744,-0.106655529314));
#983 = CARTESIAN_POINT('',(3.057429858007,-9.953004953468E-02));
#984 = CARTESIAN_POINT('',(3.040585888632,-8.261450782886E-02));
#985 = CARTESIAN_POINT('',(3.032627400779,-7.25892113836E-02));
#986 = CARTESIAN_POINT('',(3.025821290253,-6.169493748513E-02));
#987 = CARTESIAN_POINT('',(3.020271807338,-5.008600206041E-02));
#988 = CARTESIAN_POINT('',(3.010612533127,-2.222782487518E-02));
#989 = CARTESIAN_POINT('',(3.008241242451,7.557891589171E-03));
#990 = CARTESIAN_POINT('',(3.013473137404,3.706234218181E-02));
#991 = CARTESIAN_POINT('',(3.02590094717,6.407614139869E-02));
#992 = CARTESIAN_POINT('',(3.035047685737,7.813409981534E-02));
#993 = CARTESIAN_POINT('',(3.04611654944,9.067835467458E-02));
#994 = CARTESIAN_POINT('',(3.058818478527,0.101419406799));
#995 = CARTESIAN_POINT('',(3.086805387537,0.118854088339));
#996 = CARTESIAN_POINT('',(3.102090368888,0.125547718368));
#997 = CARTESIAN_POINT('',(3.118325257628,0.129997122257));
#998 = CARTESIAN_POINT('',(3.135116012481,0.132050819351));
#999 = CARTESIAN_POINT('',(3.15203197685,0.131640688766));
#1000 = CARTESIAN_POINT('',(3.168635995424,0.128791656948));
#1001 = CARTESIAN_POINT('',(3.184517445371,0.123615587798));
#1002 = CARTESIAN_POINT('',(3.20917348753,0.111420588464));
#1003 = CARTESIAN_POINT('',(3.218552428106,0.105591064568));
#1004 = CARTESIAN_POINT('',(3.227339689914,9.886515660383E-02));
#1005 = CARTESIAN_POINT('',(3.235436052583,9.131267983997E-02));
#1006 = CARTESIAN_POINT('',(3.242753988003,8.301641869343E-02));
#1007 = CARTESIAN_POINT('',(3.24921920071,7.406987595543E-02));
#1008 = CARTESIAN_POINT('',(3.254771338738,6.45748212118E-02));
#1009 = CARTESIAN_POINT('',(3.262321985896,4.824039232051E-02));
#1010 = CARTESIAN_POINT('',(3.264881930339,4.165899823797E-02));
#1011 = CARTESIAN_POINT('',(3.267031706346,3.492357069761E-02));
#1012 = CARTESIAN_POINT('',(3.268761426833,2.806390379185E-02));
#1013 = CARTESIAN_POINT('',(3.270063668919,2.111055243687E-02));
#1014 = CARTESIAN_POINT('',(3.270933481073,1.409457648091E-02));
#1015 = CARTESIAN_POINT('',(3.271368387313,7.047288230851E-03));
#1016 = CARTESIAN_POINT('',(3.271368387479,-1.248866808579E-11));
#1017 = ( GEOMETRIC_REPRESENTATION_CONTEXT(2) 
PARAMETRIC_REPRESENTATION_CONTEXT() REPRESENTATION_CONTEXT('2D SPACE',''
  ) );
#1018 = ADVANCED_FACE('',(#1019,#1229,#1492,#1801),#955,.F.);
#1019 = FACE_BOUND('',#1020,.F.);
#1020 = EDGE_LOOP('',(#1021,#1045,#1069,#1113,#1137,#1159,#1160,#1195,
    #1228));
#1021 = ORIENTED_EDGE('',*,*,#1022,.F.);
#1022 = EDGE_CURVE('',#1023,#1023,#1025,.T.);
#1023 = VERTEX_POINT('',#1024);
#1024 = CARTESIAN_POINT('',(74.999999999991,-9.184850993603E-15,
    -846.6847110938));
#1025 = SURFACE_CURVE('',#1026,(#1031,#1038),.PCURVE_S1.);
#1026 = CIRCLE('',#1027,75.);
#1027 = AXIS2_PLACEMENT_3D('',#1028,#1029,#1030);
#1028 = CARTESIAN_POINT('',(0.,0.,-846.6847110938));
#1029 = DIRECTION('',(0.,-0.,-1.));
#1030 = DIRECTION('',(0.,1.,-0.));
#1031 = PCURVE('',#955,#1032);
#1032 = DEFINITIONAL_REPRESENTATION('',(#1033),#1037);
#1033 = LINE('',#1034,#1035);
#1034 = CARTESIAN_POINT('',(7.853981633974,-1.482446137526));
#1035 = VECTOR('',#1036,1.);
#1036 = DIRECTION('',(-1.,0.));
#1037 = ( GEOMETRIC_REPRESENTATION_CONTEXT(2) 
PARAMETRIC_REPRESENTATION_CONTEXT() REPRESENTATION_CONTEXT('2D SPACE',''
  ) );
#1038 = PCURVE('',#43,#1039);
#1039 = DEFINITIONAL_REPRESENTATION('',(#1040),#1044);
#1040 = LINE('',#1041,#1042);
#1041 = CARTESIAN_POINT('',(-7.853981633974,-144.8772889061));
#1042 = VECTOR('',#1043,1.);
#1043 = DIRECTION('',(1.,-0.));
#1044 = ( GEOMETRIC_REPRESENTATION_CONTEXT(2) 
PARAMETRIC_REPRESENTATION_CONTEXT() REPRESENTATION_CONTEXT('2D SPACE',''
  ) );
#1045 = ORIENTED_EDGE('',*,*,#1046,.T.);
#1046 = EDGE_CURVE('',#1023,#1047,#1049,.T.);
#1047 = VERTEX_POINT('',#1048);
#1048 = CARTESIAN_POINT('',(842.85230022821,-2.064392743257E-13,-110.));
#1049 = SEAM_CURVE('',#1050,(#1055,#1062),.PCURVE_S1.);
#1050 = CIRCLE('',#1051,850.);
#1051 = AXIS2_PLACEMENT_3D('',#1052,#1053,#1054);
#1052 = CARTESIAN_POINT('',(0.,0.,0.));
#1053 = DIRECTION('',(-2.449293598295E-16,-1.,0.));
#1054 = DIRECTION('',(1.,-2.449293598295E-16,0.));
#1055 = PCURVE('',#955,#1056);
#1056 = DEFINITIONAL_REPRESENTATION('',(#1057),#1061);
#1057 = LINE('',#1058,#1059);
#1058 = CARTESIAN_POINT('',(6.28318530718,-6.28318530718));
#1059 = VECTOR('',#1060,1.);
#1060 = DIRECTION('',(0.,1.));
#1061 = ( GEOMETRIC_REPRESENTATION_CONTEXT(2) 
PARAMETRIC_REPRESENTATION_CONTEXT() REPRESENTATION_CONTEXT('2D SPACE',''
  ) );
#1062 = PCURVE('',#955,#1063);
#1063 = DEFINITIONAL_REPRESENTATION('',(#1064),#1068);
#1064 = LINE('',#1065,#1066);
#1065 = CARTESIAN_POINT('',(0.,-6.28318530718));
#1066 = VECTOR('',#1067,1.);
#1067 = DIRECTION('',(0.,1.));
#1068 = ( GEOMETRIC_REPRESENTATION_CONTEXT(2) 
PARAMETRIC_REPRESENTATION_CONTEXT() REPRESENTATION_CONTEXT('2D SPACE',''
  ) );
#1069 = ORIENTED_EDGE('',*,*,#1070,.T.);
#1070 = EDGE_CURVE('',#1047,#1071,#1073,.T.);
#1071 = VERTEX_POINT('',#1072);
#1072 = CARTESIAN_POINT('',(842.85230022821,-2.064392743257E-13,110.));
#1073 = SURFACE_CURVE('',#1074,(#1079,#1106),.PCURVE_S1.);
#1074 = CIRCLE('',#1075,110.);
#1075 = AXIS2_PLACEMENT_3D('',#1076,#1077,#1078);
#1076 = CARTESIAN_POINT('',(842.85230022821,0.,0.));
#1077 = DIRECTION('',(-1.,-0.,0.));
#1078 = DIRECTION('',(0.,-1.876720675688E-15,-1.));
#1079 = PCURVE('',#955,#1080);
#1080 = DEFINITIONAL_REPRESENTATION('',(#1081),#1105);
#1081 = B_SPLINE_CURVE_WITH_KNOTS('',8,(#1082,#1083,#1084,#1085,#1086,
    #1087,#1088,#1089,#1090,#1091,#1092,#1093,#1094,#1095,#1096,#1097,
    #1098,#1099,#1100,#1101,#1102,#1103,#1104),.UNSPECIFIED.,.F.,.F.,(9,
    7,7,9),(0.,0.785398163397,1.963495408494,3.14159265359),
  .UNSPECIFIED.);
#1082 = CARTESIAN_POINT('',(6.28318530718,-0.129775732955));
#1083 = CARTESIAN_POINT('',(6.270372594034,-0.129775732955));
#1084 = CARTESIAN_POINT('',(6.257559885883,-0.128338148384));
#1085 = CARTESIAN_POINT('',(6.244941738877,-0.125462990076));
#1086 = CARTESIAN_POINT('',(6.232712837673,-0.121181292946));
#1087 = CARTESIAN_POINT('',(6.221059807329,-0.11555526299));
#1088 = CARTESIAN_POINT('',(6.210153862191,-0.108675697496));
#1089 = CARTESIAN_POINT('',(6.200145442888,-0.100657752315));
#1090 = CARTESIAN_POINT('',(6.177686817055,-7.81036967073E-02));
#1091 = CARTESIAN_POINT('',(6.166517817026,-6.231299719167E-02));
#1092 = CARTESIAN_POINT('',(6.158084924484,-4.471863197088E-02));
#1093 = CARTESIAN_POINT('',(6.152701309171,-2.58744925835E-02));
#1094 = CARTESIAN_POINT('',(6.150541622231,-6.396779525687E-03));
#1095 = CARTESIAN_POINT('',(6.151650929132,1.307585969744E-02));
#1096 = CARTESIAN_POINT('',(6.155940352775,3.191558030804E-02));
#1097 = CARTESIAN_POINT('',(6.170439203518,6.717242837177E-02));
#1098 = CARTESIAN_POINT('',(6.180648627774,8.358955807851E-02));
#1099 = CARTESIAN_POINT('',(6.193598050412,9.821689637721E-02));
#1100 = CARTESIAN_POINT('',(6.208936007762,0.110525495176));
#1101 = CARTESIAN_POINT('',(6.226184820023,0.12007209973));
#1102 = CARTESIAN_POINT('',(6.244747171648,0.126541162523));
#1103 = CARTESIAN_POINT('',(6.263966237462,0.129775732955));
#1104 = CARTESIAN_POINT('',(6.28318530718,0.129775732955));
#1105 = ( GEOMETRIC_REPRESENTATION_CONTEXT(2) 
PARAMETRIC_REPRESENTATION_CONTEXT() REPRESENTATION_CONTEXT('2D SPACE',''
  ) );
#1106 = PCURVE('',#116,#1107);
#1107 = DEFINITIONAL_REPRESENTATION('',(#1108),#1112);
#1108 = LINE('',#1109,#1110);
#1109 = CARTESIAN_POINT('',(-4.712388980385,-1.834414300228E+03));
#1110 = VECTOR('',#1111,1.);
#1111 = DIRECTION('',(1.,-0.));
#1112 = ( GEOMETRIC_REPRESENTATION_CONTEXT(2) 
PARAMETRIC_REPRESENTATION_CONTEXT() REPRESENTATION_CONTEXT('2D SPACE',''
  ) );
#1113 = ORIENTED_EDGE('',*,*,#1114,.T.);
#1114 = EDGE_CURVE('',#1071,#1115,#1117,.T.);
#1115 = VERTEX_POINT('',#1116);
#1116 = CARTESIAN_POINT('',(74.999999999991,-9.184850993603E-15,
    846.6847110938));
#1117 = SEAM_CURVE('',#1118,(#1123,#1130),.PCURVE_S1.);
#1118 = CIRCLE('',#1119,850.);
#1119 = AXIS2_PLACEMENT_3D('',#1120,#1121,#1122);
#1120 = CARTESIAN_POINT('',(0.,0.,0.));
#1121 = DIRECTION('',(-2.449293598295E-16,-1.,0.));
#1122 = DIRECTION('',(1.,-2.449293598295E-16,0.));
#1123 = PCURVE('',#955,#1124);
#1124 = DEFINITIONAL_REPRESENTATION('',(#1125),#1129);
#1125 = LINE('',#1126,#1127);
#1126 = CARTESIAN_POINT('',(6.28318530718,0.));
#1127 = VECTOR('',#1128,1.);
#1128 = DIRECTION('',(0.,1.));
#1129 = ( GEOMETRIC_REPRESENTATION_CONTEXT(2) 
PARAMETRIC_REPRESENTATION_CONTEXT() REPRESENTATION_CONTEXT('2D SPACE',''
  ) );
#1130 = PCURVE('',#955,#1131);
#1131 = DEFINITIONAL_REPRESENTATION('',(#1132),#1136);
#1132 = LINE('',#1133,#1134);
#1133 = CARTESIAN_POINT('',(0.,0.));
#1134 = VECTOR('',#1135,1.);
#1135 = DIRECTION('',(0.,1.));
#1136 = ( GEOMETRIC_REPRESENTATION_CONTEXT(2) 
PARAMETRIC_REPRESENTATION_CONTEXT() REPRESENTATION_CONTEXT('2D SPACE',''
  ) );
#1137 = ORIENTED_EDGE('',*,*,#1138,.T.);
#1138 = EDGE_CURVE('',#1115,#1115,#1139,.T.);
#1139 = SURFACE_CURVE('',#1140,(#1145,#1152),.PCURVE_S1.);
#1140 = CIRCLE('',#1141,75.);
#1141 = AXIS2_PLACEMENT_3D('',#1142,#1143,#1144);
#1142 = CARTESIAN_POINT('',(0.,0.,846.6847110938));
#1143 = DIRECTION('',(0.,-0.,-1.));
#1144 = DIRECTION('',(0.,1.,-0.));
#1145 = PCURVE('',#955,#1146);
#1146 = DEFINITIONAL_REPRESENTATION('',(#1147),#1151);
#1147 = LINE('',#1148,#1149);
#1148 = CARTESIAN_POINT('',(7.853981633974,1.482446137526));
#1149 = VECTOR('',#1150,1.);
#1150 = DIRECTION('',(-1.,0.));
#1151 = ( GEOMETRIC_REPRESENTATION_CONTEXT(2) 
PARAMETRIC_REPRESENTATION_CONTEXT() REPRESENTATION_CONTEXT('2D SPACE',''
  ) );
#1152 = PCURVE('',#167,#1153);
#1153 = DEFINITIONAL_REPRESENTATION('',(#1154),#1158);
#1154 = LINE('',#1155,#1156);
#1155 = CARTESIAN_POINT('',(-7.853981633974,-1.838246711094E+03));
#1156 = VECTOR('',#1157,1.);
#1157 = DIRECTION('',(1.,-0.));
#1158 = ( GEOMETRIC_REPRESENTATION_CONTEXT(2) 
PARAMETRIC_REPRESENTATION_CONTEXT() REPRESENTATION_CONTEXT('2D SPACE',''
  ) );
#1159 = ORIENTED_EDGE('',*,*,#1114,.F.);
#1160 = ORIENTED_EDGE('',*,*,#1161,.T.);
#1161 = EDGE_CURVE('',#1071,#1162,#1164,.T.);
#1162 = VERTEX_POINT('',#1163);
#1163 = CARTESIAN_POINT('',(842.85230022821,110.,0.));
#1164 = SURFACE_CURVE('',#1165,(#1170,#1188),.PCURVE_S1.);
#1165 = CIRCLE('',#1166,110.);
#1166 = AXIS2_PLACEMENT_3D('',#1167,#1168,#1169);
#1167 = CARTESIAN_POINT('',(842.85230022821,0.,0.));
#1168 = DIRECTION('',(-1.,-0.,-0.));
#1169 = DIRECTION('',(0.,0.,-1.));
#1170 = PCURVE('',#955,#1171);
#1171 = DEFINITIONAL_REPRESENTATION('',(#1172),#1187);
#1172 = B_SPLINE_CURVE_WITH_KNOTS('',7,(#1173,#1174,#1175,#1176,#1177,
    #1178,#1179,#1180,#1181,#1182,#1183,#1184,#1185,#1186),
  .UNSPECIFIED.,.F.,.F.,(8,6,8),(3.14159265359,3.926990816987,
    4.712388980385),.UNSPECIFIED.);
#1173 = CARTESIAN_POINT('',(0.,0.129775732955));
#1174 = CARTESIAN_POINT('',(1.464310073753E-02,0.129775732955));
#1175 = CARTESIAN_POINT('',(2.928619481633E-02,0.127858953527));
#1176 = CARTESIAN_POINT('',(4.361799239477E-02,0.124025412006));
#1177 = CARTESIAN_POINT('',(5.732694661822E-02,0.118337173886));
#1178 = CARTESIAN_POINT('',(7.012308857026E-02,0.110918744831));
#1179 = CARTESIAN_POINT('',(8.175651424347E-02,0.101946555493));
#1180 = CARTESIAN_POINT('',(0.102290115006,8.132570465127E-02));
#1181 = CARTESIAN_POINT('',(0.111190298746,6.967704696105E-02));
#1182 = CARTESIAN_POINT('',(0.118520002091,5.69056717996E-02));
#1183 = CARTESIAN_POINT('',(0.124121690412,4.326633232123E-02));
#1184 = CARTESIAN_POINT('',(0.127891059023,2.903993429843E-02));
#1185 = CARTESIAN_POINT('',(0.129775732955,1.4519966046E-02));
#1186 = CARTESIAN_POINT('',(0.129775732955,2.377255551286E-17));
#1187 = ( GEOMETRIC_REPRESENTATION_CONTEXT(2) 
PARAMETRIC_REPRESENTATION_CONTEXT() REPRESENTATION_CONTEXT('2D SPACE',''
  ) );
#1188 = PCURVE('',#116,#1189);
#1189 = DEFINITIONAL_REPRESENTATION('',(#1190),#1194);
#1190 = LINE('',#1191,#1192);
#1191 = CARTESIAN_POINT('',(-4.712388980385,-1.834414300228E+03));
#1192 = VECTOR('',#1193,1.);
#1193 = DIRECTION('',(1.,-0.));
#1194 = ( GEOMETRIC_REPRESENTATION_CONTEXT(2) 
PARAMETRIC_REPRESENTATION_CONTEXT() REPRESENTATION_CONTEXT('2D SPACE',''
  ) );
#1195 = ORIENTED_EDGE('',*,*,#1196,.T.);
#1196 = EDGE_CURVE('',#1162,#1047,#1197,.T.);
#1197 = SURFACE_CURVE('',#1198,(#1203,#1221),.PCURVE_S1.);
#1198 = CIRCLE('',#1199,110.);
#1199 = AXIS2_PLACEMENT_3D('',#1200,#1201,#1202);
#1200 = CARTESIAN_POINT('',(842.85230022821,0.,0.));
#1201 = DIRECTION('',(-1.,-0.,-0.));
#1202 = DIRECTION('',(0.,0.,-1.));
#1203 = PCURVE('',#955,#1204);
#1204 = DEFINITIONAL_REPRESENTATION('',(#1205),#1220);
#1205 = B_SPLINE_CURVE_WITH_KNOTS('',7,(#1206,#1207,#1208,#1209,#1210,
    #1211,#1212,#1213,#1214,#1215,#1216,#1217,#1218,#1219),
  .UNSPECIFIED.,.F.,.F.,(8,6,8),(4.712388980385,5.497787143782,
    6.28318530718),.UNSPECIFIED.);
#1206 = CARTESIAN_POINT('',(0.129775732955,2.377255551286E-17));
#1207 = CARTESIAN_POINT('',(0.129775732955,-1.4519966046E-02));
#1208 = CARTESIAN_POINT('',(0.127891059023,-2.903993429843E-02));
#1209 = CARTESIAN_POINT('',(0.124121690412,-4.326633232122E-02));
#1210 = CARTESIAN_POINT('',(0.118520002091,-5.690567179959E-02));
#1211 = CARTESIAN_POINT('',(0.111190298746,-6.967704696104E-02));
#1212 = CARTESIAN_POINT('',(0.102290115006,-8.132570465127E-02));
#1213 = CARTESIAN_POINT('',(8.175651424347E-02,-0.101946555493));
#1214 = CARTESIAN_POINT('',(7.012308857025E-02,-0.110918744831));
#1215 = CARTESIAN_POINT('',(5.732694661821E-02,-0.118337173885));
#1216 = CARTESIAN_POINT('',(4.361799239476E-02,-0.124025412006));
#1217 = CARTESIAN_POINT('',(2.928619481633E-02,-0.127858953527));
#1218 = CARTESIAN_POINT('',(1.464310073753E-02,-0.129775732955));
#1219 = CARTESIAN_POINT('',(3.196554078804E-17,-0.129775732955));
#1220 = ( GEOMETRIC_REPRESENTATION_CONTEXT(2) 
PARAMETRIC_REPRESENTATION_CONTEXT() REPRESENTATION_CONTEXT('2D SPACE',''
  ) );
#1221 = PCURVE('',#116,#1222);
#1222 = DEFINITIONAL_REPRESENTATION('',(#1223),#1227);
#1223 = LINE('',#1224,#1225);
#1224 = CARTESIAN_POINT('',(-10.99557428756,-1.834414300228E+03));
#1225 = VECTOR('',#1226,1.);
#1226 = DIRECTION('',(1.,-0.));
#1227 = ( GEOMETRIC_REPRESENTATION_CONTEXT(2) 
PARAMETRIC_REPRESENTATION_CONTEXT() REPRESENTATION_CONTEXT('2D SPACE',''
  ) );
#1228 = ORIENTED_EDGE('',*,*,#1046,.F.);
#1229 = FACE_BOUND('',#1230,.F.);
#1230 = EDGE_LOOP('',(#1231));
#1231 = ORIENTED_EDGE('',*,*,#1232,.F.);
#1232 = EDGE_CURVE('',#1233,#1233,#1235,.T.);
#1233 = VERTEX_POINT('',#1234);
#1234 = CARTESIAN_POINT('',(-110.,842.85230022821,0.));
#1235 = SURFACE_CURVE('',#1236,(#1302,#1397),.PCURVE_S1.);
#1236 = B_SPLINE_CURVE_WITH_KNOTS('',8,(#1237,#1238,#1239,#1240,#1241,
    #1242,#1243,#1244,#1245,#1246,#1247,#1248,#1249,#1250,#1251,#1252,
    #1253,#1254,#1255,#1256,#1257,#1258,#1259,#1260,#1261,#1262,#1263,
    #1264,#1265,#1266,#1267,#1268,#1269,#1270,#1271,#1272,#1273,#1274,
    #1275,#1276,#1277,#1278,#1279,#1280,#1281,#1282,#1283,#1284,#1285,
    #1286,#1287,#1288,#1289,#1290,#1291,#1292,#1293,#1294,#1295,#1296,
    #1297,#1298,#1299,#1300,#1301),.UNSPECIFIED.,.T.,.F.,(9,7,7,7,7,7,7,
    7,7,9),(0.,6.734894413466E-02,0.130175194489,0.254292444384,
    0.378911723856,0.503028972774,0.627648251362,0.751765501236,
    0.875882751077,1.),.UNSPECIFIED.);
#1237 = CARTESIAN_POINT('',(-110.,842.85230022821,-2.84217094304E-14));
#1238 = CARTESIAN_POINT('',(-110.,842.85230022821,5.817499634257));
#1239 = CARTESIAN_POINT('',(-109.6483809195,842.85230022821,
    11.635176110429));
#1240 = CARTESIAN_POINT('',(-108.9451076051,842.85230022821,
    17.427845761221));
#1241 = CARTESIAN_POINT('',(-107.8923661194,842.85230022821,
    23.17075575561));
#1242 = CARTESIAN_POINT('',(-106.4943589214,842.85230022821,
    28.839546433903));
#1243 = CARTESIAN_POINT('',(-104.7572445282,842.85230022821,
    34.41024818579));
#1244 = CARTESIAN_POINT('',(-102.6892216597,842.85230022821,
    39.859312871385));
#1245 = CARTESIAN_POINT('',(-98.07268693856,842.85230022821,
    50.111841749513));
#1246 = CARTESIAN_POINT('',(-95.5655392861,842.85230022821,
    54.934593909026));
#1247 = CARTESIAN_POINT('',(-92.78767753441,842.85230022821,
    59.613256565207));
#1248 = CARTESIAN_POINT('',(-89.74887268054,842.85230022821,
    64.130140744076));
#1249 = CARTESIAN_POINT('',(-86.4601789469,842.85230022821,
    68.468466587807));
#1250 = CARTESIAN_POINT('',(-82.93388960222,842.85230022821,
    72.612339600378));
#1251 = CARTESIAN_POINT('',(-79.18357374828,842.85230022821,
    76.546784747322));
#1252 = CARTESIAN_POINT('',(-67.40218792183,842.85230022821,
    87.589260739844));
#1253 = CARTESIAN_POINT('',(-58.7586221868,842.85230022821,
    94.054080876736));
#1254 = CARTESIAN_POINT('',(-49.41263872882,842.85230022821,
    99.537020771752));
#1255 = CARTESIAN_POINT('',(-39.49630150536,842.85230022821,
    103.95277576287));
#1256 = CARTESIAN_POINT('',(-29.14960859088,842.85230022821,
    107.23585075588));
#1257 = CARTESIAN_POINT('',(-18.52072801832,842.85230022821,
    109.3422536887));
#1258 = CARTESIAN_POINT('',(-7.765049601348,842.85230022821,
    110.24807271011));
#1259 = CARTESIAN_POINT('',(13.711988118355,842.85230022821,
    109.67153942721));
#1260 = CARTESIAN_POINT('',(24.446805018023,842.85230022821,
    108.17914286904));
#1261 = CARTESIAN_POINT('',(34.988361087837,842.85230022821,
    105.48500704402));
#1262 = CARTESIAN_POINT('',(45.180917041274,842.85230022821,
    101.62188717725));
#1263 = CARTESIAN_POINT('',(54.877171762522,842.85230022821,
    96.642475879504));
#1264 = CARTESIAN_POINT('',(63.939325276705,842.85230022821,
    90.620835979714));
#1265 = CARTESIAN_POINT('',(72.23872710676,842.85230022821,
    83.650651441889));
#1266 = CARTESIAN_POINT('',(87.054501809171,842.85230022821,
    68.091462362765));
#1267 = CARTESIAN_POINT('',(93.587347360768,842.85230022821,
    59.499195147132));
#1268 = CARTESIAN_POINT('',(99.143887726367,842.85230022821,
    50.196781730571));
#1269 = CARTESIAN_POINT('',(103.6377784614,842.85230022277,
    40.315608612917));
#1270 = CARTESIAN_POINT('',(107.002421444,842.85230022856,
    29.995152525524));
#1271 = CARTESIAN_POINT('',(109.19265642858,842.8523002282,
    19.383229652292));
#1272 = CARTESIAN_POINT('',(110.18334575545,842.85230022821,
    8.63503622644));
#1273 = CARTESIAN_POINT('',(109.77635657047,842.85230022821,
    -12.84588329716));
#1274 = CARTESIAN_POINT('',(108.36874034142,842.85230022821,
    -23.59214585619));
#1275 = CARTESIAN_POINT('',(105.7578967947,842.85230022821,
    -34.15463936142));
#1276 = CARTESIAN_POINT('',(101.9753508327,842.85230022821,
    -44.37737082632));
#1277 = CARTESIAN_POINT('',(97.072630735356,842.85230022821,
    -54.11262778754));
#1278 = CARTESIAN_POINT('',(91.122709328349,842.85230022821,
    -63.22202996814));
#1279 = CARTESIAN_POINT('',(84.218252183816,842.85230022821,
    -71.57619141868));
#1280 = CARTESIAN_POINT('',(68.776494170477,842.85230022821,
    -86.51431894907));
#1281 = CARTESIAN_POINT('',(60.236060728683,842.85230022821,
    -93.11478292306));
#1282 = CARTESIAN_POINT('',(50.977796894379,842.85230022821,
    -98.74457754236));
#1283 = CARTESIAN_POINT('',(41.13240352498,842.85230022821,
    -103.3163239852));
#1284 = CARTESIAN_POINT('',(30.83882733416,842.85230022821,
    -106.7623252692));
#1285 = CARTESIAN_POINT('',(20.244523417119,842.85230022821,
    -109.0362558035));
#1286 = CARTESIAN_POINT('',(9.504484750066,842.85230022821,
    -110.1117536923));
#1287 = CARTESIAN_POINT('',(-11.93561751901,842.85230022821,
    -109.8748131554));
#1288 = CARTESIAN_POINT('',(-22.64926477779,842.85230022821,
    -108.5622246135));
#1289 = CARTESIAN_POINT('',(-33.19072768759,842.85230022821,
    -106.054716839));
#1290 = CARTESIAN_POINT('',(-43.40563372736,842.85230022821,
    -102.3820706099));
#1291 = CARTESIAN_POINT('',(-53.14758759348,842.85230022821,
    -97.59385894238));
#1292 = CARTESIAN_POINT('',(-62.27917261022,842.85230022821,
    -91.76083298415));
#1293 = CARTESIAN_POINT('',(-70.67165089435,842.85230022821,
    -84.97323869003));
#1294 = CARTESIAN_POINT('',(-85.74901458007,842.85230022821,
    -69.72833018546));
#1295 = CARTESIAN_POINT('',(-92.44345245111,842.85230022821,
    -61.26135738035));
#1296 = CARTESIAN_POINT('',(-98.17521272351,842.85230022821,
    -52.06587151145));
#1297 = CARTESIAN_POINT('',(-102.8554775747,842.85230022821,
    -42.27159986598));
#1298 = CARTESIAN_POINT('',(-106.4150187017,842.85230022821,
    -32.01673257225));
#1299 = CARTESIAN_POINT('',(-108.805883862,842.85230022821,
    -21.44820381148));
#1300 = CARTESIAN_POINT('',(-110.,842.85230022821,-10.72070578416));
#1301 = CARTESIAN_POINT('',(-110.,842.85230022821,-2.84217094304E-14));
#1302 = PCURVE('',#955,#1303);
#1303 = DEFINITIONAL_REPRESENTATION('',(#1304),#1396);
#1304 = B_SPLINE_CURVE_WITH_KNOTS('',3,(#1305,#1306,#1307,#1308,#1309,
    #1310,#1311,#1312,#1313,#1314,#1315,#1316,#1317,#1318,#1319,#1320,
    #1321,#1322,#1323,#1324,#1325,#1326,#1327,#1328,#1329,#1330,#1331,
    #1332,#1333,#1334,#1335,#1336,#1337,#1338,#1339,#1340,#1341,#1342,
    #1343,#1344,#1345,#1346,#1347,#1348,#1349,#1350,#1351,#1352,#1353,
    #1354,#1355,#1356,#1357,#1358,#1359,#1360,#1361,#1362,#1363,#1364,
    #1365,#1366,#1367,#1368,#1369,#1370,#1371,#1372,#1373,#1374,#1375,
    #1376,#1377,#1378,#1379,#1380,#1381,#1382,#1383,#1384,#1385,#1386,
    #1387,#1388,#1389,#1390,#1391,#1392,#1393,#1394,#1395),
  .UNSPECIFIED.,.T.,.F.,(4,1,1,1,1,1,1,1,1,1,1,1,1,1,1,1,1,1,1,1,1,1,1,1
    ,1,1,1,1,1,1,1,1,1,1,1,1,1,1,1,1,1,1,1,1,1,1,1,1,1,1,1,1,1,1,1,1,1,1
    ,1,1,1,1,1,1,1,1,1,1,1,1,1,1,1,1,1,1,1,1,1,1,1,1,1,1,1,1,1,1,4),(0.,
    1.136363636364E-02,2.272727272727E-02,3.409090909091E-02,
    4.545454545455E-02,5.681818181818E-02,6.818181818182E-02,
    7.954545454545E-02,9.090909090909E-02,0.102272727273,0.113636363636,
    0.125,0.136363636364,0.147727272727,0.159090909091,0.170454545455,
    0.181818181818,0.193181818182,0.204545454545,0.215909090909,
    0.227272727273,0.238636363636,0.25,0.261363636364,0.272727272727,
    0.284090909091,0.295454545455,0.306818181818,0.318181818182,
    0.329545454545,0.340909090909,0.352272727273,0.363636363636,0.375,
    0.386363636364,0.397727272727,0.409090909091,0.420454545455,
    0.431818181818,0.443181818182,0.454545454545,0.465909090909,
    0.477272727273,0.488636363636,0.5,0.511363636364,0.522727272727,
    0.534090909091,0.545454545455,0.556818181818,0.568181818182,
    0.579545454545,0.590909090909,0.602272727273,0.613636363636,0.625,
    0.636363636364,0.647727272727,0.659090909091,0.670454545455,
    0.681818181818,0.693181818182,0.704545454545,0.715909090909,
    0.727272727273,0.738636363636,0.75,0.761363636364,0.772727272727,
    0.784090909091,0.795454545455,0.806818181818,0.818181818182,
    0.829545454545,0.840909090909,0.852272727273,0.863636363636,0.875,
    0.886363636364,0.897727272727,0.909090909091,0.920454545455,
    0.931818181818,0.943181818182,0.954545454545,0.965909090909,
    0.977272727273,0.988636363636,1.),.QUASI_UNIFORM_KNOTS.);
#1305 = CARTESIAN_POINT('',(1.70057205975,-3.343730521224E-17));
#1306 = CARTESIAN_POINT('',(1.700572310489,3.079497667563E-03));
#1307 = CARTESIAN_POINT('',(1.70035387146,9.238408916035E-03));
#1308 = CARTESIAN_POINT('',(1.699374202812,1.843049833403E-02));
#1309 = CARTESIAN_POINT('',(1.697746171795,2.753006292953E-02));
#1310 = CARTESIAN_POINT('',(1.695477499027,3.649163294035E-02));
#1311 = CARTESIAN_POINT('',(1.692578532163,4.527029103928E-02));
#1312 = CARTESIAN_POINT('',(1.689062885573,5.382140947977E-02));
#1313 = CARTESIAN_POINT('',(1.684946964407,6.210192116843E-02));
#1314 = CARTESIAN_POINT('',(1.68025013097,7.006985498933E-02));
#1315 = CARTESIAN_POINT('',(1.674994811319,7.76844599806E-02));
#1316 = CARTESIAN_POINT('',(1.669206156872,8.49068951368E-02));
#1317 = CARTESIAN_POINT('',(1.66291213789,9.170004761401E-02));
#1318 = CARTESIAN_POINT('',(1.65614386297,9.802861685157E-02));
#1319 = CARTESIAN_POINT('',(1.648932337031,0.103861607214));
#1320 = CARTESIAN_POINT('',(1.641315369157,0.109166624087));
#1321 = CARTESIAN_POINT('',(1.633331883493,0.113915594402));
#1322 = CARTESIAN_POINT('',(1.62502273782,0.118083488093));
#1323 = CARTESIAN_POINT('',(1.616430380494,0.121648488243));
#1324 = CARTESIAN_POINT('',(1.607598840263,0.124591872013));
#1325 = CARTESIAN_POINT('',(1.59857364199,0.126898054298));
#1326 = CARTESIAN_POINT('',(1.589401752194,0.128554658308));
#1327 = CARTESIAN_POINT('',(1.580131535583,0.129552681435));
#1328 = CARTESIAN_POINT('',(1.570812703214,0.129886639336));
#1329 = CARTESIAN_POINT('',(1.561496376941,0.129555152302));
#1330 = CARTESIAN_POINT('',(1.552225901124,0.128559707368));
#1331 = CARTESIAN_POINT('',(1.543053249769,0.12690551381));
#1332 = CARTESIAN_POINT('',(1.534026908242,0.124601609592));
#1333 = CARTESIAN_POINT('',(1.52519425969,0.121660435902));
#1334 = CARTESIAN_POINT('',(1.516600929599,0.118097669674));
#1335 = CARTESIAN_POINT('',(1.508290923746,0.113932080495));
#1336 = CARTESIAN_POINT('',(1.500306534547,0.109185460793));
#1337 = CARTESIAN_POINT('',(1.492688305146,0.103882614606));
#1338 = CARTESIAN_POINT('',(1.485474921562,9.805140436166E-02));
#1339 = CARTESIAN_POINT('',(1.47870324338,9.172290416713E-02));
#1340 = CARTESIAN_POINT('',(1.472407720017,8.493153967845E-02));
#1341 = CARTESIAN_POINT('',(1.466615454852,7.770825618363E-02));
#1342 = CARTESIAN_POINT('',(1.461356865026,7.009241918016E-02));
#1343 = CARTESIAN_POINT('',(1.456657265715,6.212336632208E-02));
#1344 = CARTESIAN_POINT('',(1.452539047896,5.384196532014E-02));
#1345 = CARTESIAN_POINT('',(1.449021408573,4.529006650075E-02));
#1346 = CARTESIAN_POINT('',(1.446120636388,3.651057490498E-02));
#1347 = CARTESIAN_POINT('',(1.443850155817,2.754739148029E-02));
#1348 = CARTESIAN_POINT('',(1.442220550672,1.844546628585E-02));
#1349 = CARTESIAN_POINT('',(1.441239475773,9.250724013564E-03));
#1350 = CARTESIAN_POINT('',(1.440911554129,1.057486991756E-05));
#1351 = CARTESIAN_POINT('',(1.44123787359,-9.227588704546E-03));
#1352 = CARTESIAN_POINT('',(1.442217273234,-1.842257435641E-02));
#1353 = CARTESIAN_POINT('',(1.443845318469,-2.752499846324E-02));
#1354 = CARTESIAN_POINT('',(1.446114327701,-3.648895408058E-02));
#1355 = CARTESIAN_POINT('',(1.44901367004,-4.526917166817E-02));
#1356 = CARTESIAN_POINT('',(1.452529854223,-5.382168736523E-02));
#1357 = CARTESIAN_POINT('',(1.456646559669,-6.210361423414E-02));
#1358 = CARTESIAN_POINT('',(1.461344596663,-7.007320720189E-02));
#1359 = CARTESIAN_POINT('',(1.466601766777,-7.768985455482E-02));
#1360 = CARTESIAN_POINT('',(1.472392781384,-8.491428231696E-02));
#1361 = CARTESIAN_POINT('',(1.478688624107,-9.170821896576E-02));
#1362 = CARTESIAN_POINT('',(1.485457603216,-9.80362870695E-02));
#1363 = CARTESIAN_POINT('',(1.492669929762,-0.10386883334));
#1364 = CARTESIAN_POINT('',(1.500287327214,-0.109173090648));
#1365 = CARTESIAN_POINT('',(1.508271147393,-0.11392127027));
#1366 = CARTESIAN_POINT('',(1.51658057721,-0.118088363386));
#1367 = CARTESIAN_POINT('',(1.52517323671,-0.121652583407));
#1368 = CARTESIAN_POINT('',(1.534005108991,-0.124595195389));
#1369 = CARTESIAN_POINT('',(1.543030657117,-0.126900591833));
#1370 = CARTESIAN_POINT('',(1.552202793823,-0.128556375397));
#1371 = CARTESIAN_POINT('',(1.561473192496,-0.129553533924));
#1372 = CARTESIAN_POINT('',(1.570791306444,-0.129886635573));
#1373 = CARTESIAN_POINT('',(1.580108106791,-0.129554320838));
#1374 = CARTESIAN_POINT('',(1.589378651794,-0.128557995607));
#1375 = CARTESIAN_POINT('',(1.598551023728,-0.126902981867));
#1376 = CARTESIAN_POINT('',(1.60757697258,-0.124598307112));
#1377 = CARTESIAN_POINT('',(1.616409211245,-0.12165639529));
#1378 = CARTESIAN_POINT('',(1.625002171231,-0.118092892238));
#1379 = CARTESIAN_POINT('',(1.633311844338,-0.113926550944));
#1380 = CARTESIAN_POINT('',(1.641295907531,-0.109179156482));
#1381 = CARTESIAN_POINT('',(1.64891369729,-0.103875603058));
#1382 = CARTESIAN_POINT('',(1.656126572718,-9.804369340853E-02));
#1383 = CARTESIAN_POINT('',(1.662896966628,-9.171530943993E-02));
#1384 = CARTESIAN_POINT('',(1.669192432102,-8.492287285228E-02));
#1385 = CARTESIAN_POINT('',(1.674984140872,-7.769892907008E-02));
#1386 = CARTESIAN_POINT('',(1.680241997717,-7.008269474366E-02));
#1387 = CARTESIAN_POINT('',(1.684940806436,-6.211337037525E-02));
#1388 = CARTESIAN_POINT('',(1.689058249203,-5.383172303817E-02));
#1389 = CARTESIAN_POINT('',(1.692575142521,-4.527954073532E-02));
#1390 = CARTESIAN_POINT('',(1.695475188308,-3.649971308885E-02));
#1391 = CARTESIAN_POINT('',(1.697744912717,-2.753617509999E-02));
#1392 = CARTESIAN_POINT('',(1.699373779347,-1.843398214313E-02));
#1393 = CARTESIAN_POINT('',(1.70035385432,-9.239192923544E-03));
#1394 = CARTESIAN_POINT('',(1.700572341199,-3.079456230357E-03));
#1395 = CARTESIAN_POINT('',(1.70057205975,-3.343730521224E-17));
#1396 = ( GEOMETRIC_REPRESENTATION_CONTEXT(2) 
PARAMETRIC_REPRESENTATION_CONTEXT() REPRESENTATION_CONTEXT('2D SPACE',''
  ) );
#1397 = PCURVE('',#440,#1398);
#1398 = DEFINITIONAL_REPRESENTATION('',(#1399),#1491);
#1399 = B_SPLINE_CURVE_WITH_KNOTS('',3,(#1400,#1401,#1402,#1403,#1404,
    #1405,#1406,#1407,#1408,#1409,#1410,#1411,#1412,#1413,#1414,#1415,
    #1416,#1417,#1418,#1419,#1420,#1421,#1422,#1423,#1424,#1425,#1426,
    #1427,#1428,#1429,#1430,#1431,#1432,#1433,#1434,#1435,#1436,#1437,
    #1438,#1439,#1440,#1441,#1442,#1443,#1444,#1445,#1446,#1447,#1448,
    #1449,#1450,#1451,#1452,#1453,#1454,#1455,#1456,#1457,#1458,#1459,
    #1460,#1461,#1462,#1463,#1464,#1465,#1466,#1467,#1468,#1469,#1470,
    #1471,#1472,#1473,#1474,#1475,#1476,#1477,#1478,#1479,#1480,#1481,
    #1482,#1483,#1484,#1485,#1486,#1487,#1488,#1489,#1490),
  .UNSPECIFIED.,.F.,.F.,(4,1,1,1,1,1,1,1,1,1,1,1,1,1,1,1,1,1,1,1,1,1,1,1
    ,1,1,1,1,1,1,1,1,1,1,1,1,1,1,1,1,1,1,1,1,1,1,1,1,1,1,1,1,1,1,1,1,1,1
    ,1,1,1,1,1,1,1,1,1,1,1,1,1,1,1,1,1,1,1,1,1,1,1,1,1,1,1,1,1,1,4),(0.,
    1.136363636364E-02,2.272727272727E-02,3.409090909091E-02,
    4.545454545455E-02,5.681818181818E-02,6.818181818182E-02,
    7.954545454545E-02,9.090909090909E-02,0.102272727273,0.113636363636,
    0.125,0.136363636364,0.147727272727,0.159090909091,0.170454545455,
    0.181818181818,0.193181818182,0.204545454545,0.215909090909,
    0.227272727273,0.238636363636,0.25,0.261363636364,0.272727272727,
    0.284090909091,0.295454545455,0.306818181818,0.318181818182,
    0.329545454545,0.340909090909,0.352272727273,0.363636363636,0.375,
    0.386363636364,0.397727272727,0.409090909091,0.420454545455,
    0.431818181818,0.443181818182,0.454545454545,0.465909090909,
    0.477272727273,0.488636363636,0.5,0.511363636364,0.522727272727,
    0.534090909091,0.545454545455,0.556818181818,0.568181818182,
    0.579545454545,0.590909090909,0.602272727273,0.613636363636,0.625,
    0.636363636364,0.647727272727,0.659090909091,0.670454545455,
    0.681818181818,0.693181818182,0.704545454545,0.715909090909,
    0.727272727273,0.738636363636,0.75,0.761363636364,0.772727272727,
    0.784090909091,0.795454545455,0.806818181818,0.818181818182,
    0.829545454545,0.840909090909,0.852272727273,0.863636363636,0.875,
    0.886363636364,0.897727272727,0.909090909091,0.920454545455,
    0.931818181818,0.943181818182,0.954545454545,0.965909090909,
    0.977272727273,0.988636363636,1.),.QUASI_UNIFORM_KNOTS.);
#1400 = CARTESIAN_POINT('',(0.,-1.834414300228E+03));
#1401 = CARTESIAN_POINT('',(-2.379596116409E-02,-1.834414300228E+03));
#1402 = CARTESIAN_POINT('',(-7.138778815334E-02,-1.834414300228E+03));
#1403 = CARTESIAN_POINT('',(-0.142775069008,-1.834414300228E+03));
#1404 = CARTESIAN_POINT('',(-0.214161091328,-1.834414300228E+03));
#1405 = CARTESIAN_POINT('',(-0.285547244737,-1.834414300228E+03));
#1406 = CARTESIAN_POINT('',(-0.35693484076,-1.834414300228E+03));
#1407 = CARTESIAN_POINT('',(-0.428320890655,-1.834414300228E+03));
#1408 = CARTESIAN_POINT('',(-0.499706825159,-1.834414300228E+03));
#1409 = CARTESIAN_POINT('',(-0.5710932214,-1.834414300228E+03));
#1410 = CARTESIAN_POINT('',(-0.642478781199,-1.834414300228E+03));
#1411 = CARTESIAN_POINT('',(-0.713864664333,-1.834414300228E+03));
#1412 = CARTESIAN_POINT('',(-0.785251441825,-1.834414300228E+03));
#1413 = CARTESIAN_POINT('',(-0.85663630983,-1.834414300228E+03));
#1414 = CARTESIAN_POINT('',(-0.928042896981,-1.834414300228E+03));
#1415 = CARTESIAN_POINT('',(-0.999450900075,-1.834414300228E+03));
#1416 = CARTESIAN_POINT('',(-1.070855962155,-1.834414300228E+03));
#1417 = CARTESIAN_POINT('',(-1.142256340356,-1.834414300228E+03));
#1418 = CARTESIAN_POINT('',(-1.213653907011,-1.834414300228E+03));
#1419 = CARTESIAN_POINT('',(-1.285051742124,-1.834414300228E+03));
#1420 = CARTESIAN_POINT('',(-1.356452843913,-1.834414300228E+03));
#1421 = CARTESIAN_POINT('',(-1.427858578642,-1.834414300228E+03));
#1422 = CARTESIAN_POINT('',(-1.499266983909,-1.834414300228E+03));
#1423 = CARTESIAN_POINT('',(-1.570670960469,-1.834414300228E+03));
#1424 = CARTESIAN_POINT('',(-1.642055046958,-1.834414300228E+03));
#1425 = CARTESIAN_POINT('',(-1.713463276201,-1.834414300228E+03));
#1426 = CARTESIAN_POINT('',(-1.784871340587,-1.834414300228E+03));
#1427 = CARTESIAN_POINT('',(-1.856276467593,-1.834414300228E+03));
#1428 = CARTESIAN_POINT('',(-1.927676831308,-1.834414300228E+03));
#1429 = CARTESIAN_POINT('',(-1.99907453416,-1.834414300228E+03));
#1430 = CARTESIAN_POINT('',(-2.070472684577,-1.834414300228E+03));
#1431 = CARTESIAN_POINT('',(-2.141874271248,-1.834414300228E+03));
#1432 = CARTESIAN_POINT('',(-2.213280505261,-1.834414300228E+03));
#1433 = CARTESIAN_POINT('',(-2.284689375622,-1.834414300228E+03));
#1434 = CARTESIAN_POINT('',(-2.356092874528,-1.834414300228E+03));
#1435 = CARTESIAN_POINT('',(-2.427477259122,-1.834414300228E+03));
#1436 = CARTESIAN_POINT('',(-2.498885548027,-1.834414300228E+03));
#1437 = CARTESIAN_POINT('',(-2.570293143472,-1.834414300228E+03));
#1438 = CARTESIAN_POINT('',(-2.641697751607,-1.834414300227E+03));
#1439 = CARTESIAN_POINT('',(-2.713097672815,-1.834414300227E+03));
#1440 = CARTESIAN_POINT('',(-2.784495112714,-1.834414300227E+03));
#1441 = CARTESIAN_POINT('',(-2.85589317222,-1.834414300227E+03));
#1442 = CARTESIAN_POINT('',(-2.927294793389,-1.834414300228E+03));
#1443 = CARTESIAN_POINT('',(-2.998700904609,-1.834414300228E+03));
#1444 = CARTESIAN_POINT('',(-3.070109646185,-1.834414300228E+03));
#1445 = CARTESIAN_POINT('',(-3.141511010482,-1.834414300228E+03));
#1446 = CARTESIAN_POINT('',(-3.212896600967,-1.834414300228E+03));
#1447 = CARTESIAN_POINT('',(-3.284305865071,-1.834414300228E+03));
#1448 = CARTESIAN_POINT('',(-3.355713632684,-1.834414300228E+03));
#1449 = CARTESIAN_POINT('',(-3.427118253615,-1.834414300228E+03));
#1450 = CARTESIAN_POINT('',(-3.498518180819,-1.834414300228E+03));
#1451 = CARTESIAN_POINT('',(-3.569915773611,-1.834414300228E+03));
#1452 = CARTESIAN_POINT('',(-3.641314169048,-1.834414300228E+03));
#1453 = CARTESIAN_POINT('',(-3.712716288966,-1.834414300228E+03));
#1454 = CARTESIAN_POINT('',(-3.784122886111,-1.834414300228E+03));
#1455 = CARTESIAN_POINT('',(-3.855532084619,-1.834414300228E+03));
#1456 = CARTESIAN_POINT('',(-3.926932788155,-1.834414300228E+03));
#1457 = CARTESIAN_POINT('',(-3.998318917329,-1.834414300228E+03));
#1458 = CARTESIAN_POINT('',(-4.069728084336,-1.834414300228E+03));
#1459 = CARTESIAN_POINT('',(-4.141135385507,-1.834414300228E+03));
#1460 = CARTESIAN_POINT('',(-4.212539482308,-1.834414300228E+03));
#1461 = CARTESIAN_POINT('',(-4.283938984291,-1.834414300228E+03));
#1462 = CARTESIAN_POINT('',(-4.355336333962,-1.834414300228E+03));
#1463 = CARTESIAN_POINT('',(-4.426734652991,-1.834414300228E+03));
#1464 = CARTESIAN_POINT('',(-4.498136813043,-1.834414300228E+03));
#1465 = CARTESIAN_POINT('',(-4.569543248436,-1.834414300228E+03));
#1466 = CARTESIAN_POINT('',(-4.640952314956,-1.834414300228E+03));
#1467 = CARTESIAN_POINT('',(-4.712350549294,-1.834414300228E+03));
#1468 = CARTESIAN_POINT('',(-4.783738500551,-1.834414300228E+03));
#1469 = CARTESIAN_POINT('',(-4.855147992955,-1.834414300228E+03));
#1470 = CARTESIAN_POINT('',(-4.926555107861,-1.834414300228E+03));
#1471 = CARTESIAN_POINT('',(-4.997958830439,-1.834414300228E+03));
#1472 = CARTESIAN_POINT('',(-5.069358060365,-1.834414300228E+03));
#1473 = CARTESIAN_POINT('',(-5.140755371109,-1.834414300228E+03));
#1474 = CARTESIAN_POINT('',(-5.212153892514,-1.834414300228E+03));
#1475 = CARTESIAN_POINT('',(-5.283556440903,-1.834414300228E+03));
#1476 = CARTESIAN_POINT('',(-5.354963068535,-1.834414300228E+03));
#1477 = CARTESIAN_POINT('',(-5.426372359081,-1.834414300228E+03));
#1478 = CARTESIAN_POINT('',(-5.497768069628,-1.834414300228E+03));
#1479 = CARTESIAN_POINT('',(-5.569158263314,-1.834414300228E+03));
#1480 = CARTESIAN_POINT('',(-5.640567872316,-1.834414300228E+03));
#1481 = CARTESIAN_POINT('',(-5.71197481513,-1.834414300228E+03));
#1482 = CARTESIAN_POINT('',(-5.783378153473,-1.834414300228E+03));
#1483 = CARTESIAN_POINT('',(-5.854777131217,-1.834414300228E+03));
#1484 = CARTESIAN_POINT('',(-5.926174417315,-1.834414300228E+03));
#1485 = CARTESIAN_POINT('',(-5.997573180167,-1.834414300228E+03));
#1486 = CARTESIAN_POINT('',(-6.068976040471,-1.834414300228E+03));
#1487 = CARTESIAN_POINT('',(-6.140383142996,-1.834414300228E+03));
#1488 = CARTESIAN_POINT('',(-6.211791477754,-1.834414300228E+03));
#1489 = CARTESIAN_POINT('',(-6.259389663361,-1.834414300228E+03));
#1490 = CARTESIAN_POINT('',(-6.28318530718,-1.834414300228E+03));
#1491 = ( GEOMETRIC_REPRESENTATION_CONTEXT(2) 
PARAMETRIC_REPRESENTATION_CONTEXT() REPRESENTATION_CONTEXT('2D SPACE',''
  ) );
#1492 = FACE_BOUND('',#1493,.F.);
#1493 = EDGE_LOOP('',(#1494));
#1494 = ORIENTED_EDGE('',*,*,#1495,.F.);
#1495 = EDGE_CURVE('',#1496,#1496,#1498,.T.);
#1496 = VERTEX_POINT('',#1497);
#1497 = CARTESIAN_POINT('',(-110.,-842.8523002282,0.));
#1498 = SURFACE_CURVE('',#1499,(#1567,#1684),.PCURVE_S1.);
#1499 = B_SPLINE_CURVE_WITH_KNOTS('',8,(#1500,#1501,#1502,#1503,#1504,
    #1505,#1506,#1507,#1508,#1509,#1510,#1511,#1512,#1513,#1514,#1515,
    #1516,#1517,#1518,#1519,#1520,#1521,#1522,#1523,#1524,#1525,#1526,
    #1527,#1528,#1529,#1530,#1531,#1532,#1533,#1534,#1535,#1536,#1537,
    #1538,#1539,#1540,#1541,#1542,#1543,#1544,#1545,#1546,#1547,#1548,
    #1549,#1550,#1551,#1552,#1553,#1554,#1555,#1556,#1557,#1558,#1559,
    #1560,#1561,#1562,#1563,#1564,#1565,#1566),.UNSPECIFIED.,.T.,.F.,(9,
    7,7,7,7,2,7,7,7,7,9),(0.50001341385,0.624130662773,0.748247912614,
    0.872365162487,0.996984441073,1.,1.121101689991,1.245720969463,
    1.36983821936,1.432664469715,1.50001341385),.UNSPECIFIED.);
#1500 = CARTESIAN_POINT('',(-110.,-842.8523002282,-2.84217094304E-14));
#1501 = CARTESIAN_POINT('',(-110.,-842.8523002282,-10.72070578421));
#1502 = CARTESIAN_POINT('',(-108.805883862,-842.8523002282,
    -21.44820381131));
#1503 = CARTESIAN_POINT('',(-106.4150187017,-842.8523002282,
    -32.01673257257));
#1504 = CARTESIAN_POINT('',(-102.8554775748,-842.8523002282,
    -42.27159986562));
#1505 = CARTESIAN_POINT('',(-98.17521272339,-842.8523002282,
    -52.0658715117));
#1506 = CARTESIAN_POINT('',(-92.44345245118,-842.8523002282,
    -61.26135738025));
#1507 = CARTESIAN_POINT('',(-85.74901458005,-842.8523002282,
    -69.72833018547));
#1508 = CARTESIAN_POINT('',(-70.67165089435,-842.8523002282,
    -84.97323869002));
#1509 = CARTESIAN_POINT('',(-62.27917261017,-842.8523002282,
    -91.76083298417));
#1510 = CARTESIAN_POINT('',(-53.14758759363,-842.8523002282,
    -97.59385894232));
#1511 = CARTESIAN_POINT('',(-43.40563372709,-842.8523002282,
    -102.38207061));
#1512 = CARTESIAN_POINT('',(-33.19072768787,-842.8523002282,
    -106.054716839));
#1513 = CARTESIAN_POINT('',(-22.64926477764,-842.8523002282,
    -108.5622246135));
#1514 = CARTESIAN_POINT('',(-11.93561751905,-842.8523002282,
    -109.8748131554));
#1515 = CARTESIAN_POINT('',(9.504484749958,-842.8523002282,
    -110.1117536923));
#1516 = CARTESIAN_POINT('',(20.244523417564,-842.8523002282,
    -109.0362558035));
#1517 = CARTESIAN_POINT('',(30.838827333304,-842.8523002282,
    -106.7623252694));
#1518 = CARTESIAN_POINT('',(41.132403525907,-842.8523002282,
    -103.3163239851));
#1519 = CARTESIAN_POINT('',(50.97779689381,-842.8523002282,
    -98.7445775425));
#1520 = CARTESIAN_POINT('',(60.236060728857,-842.8523002282,
    -93.11478292299));
#1521 = CARTESIAN_POINT('',(68.776494170462,-842.8523002282,
    -86.51431894908));
#1522 = CARTESIAN_POINT('',(84.218252183874,-842.8523002282,
    -71.57619141863));
#1523 = CARTESIAN_POINT('',(91.12270932814,-842.8523002282,
    -63.22202996836));
#1524 = CARTESIAN_POINT('',(97.072630735725,-842.8523002282,
    -54.11262778713));
#1525 = CARTESIAN_POINT('',(101.97535083231,-842.8523002282,
    -44.37737082674));
#1526 = CARTESIAN_POINT('',(105.75789679494,-842.8523002282,
    -34.15463936117));
#1527 = CARTESIAN_POINT('',(108.36874034135,-842.8523002282,
    -23.59214585627));
#1528 = CARTESIAN_POINT('',(109.77635657047,-842.8523002282,
    -12.84588329715));
#1529 = CARTESIAN_POINT('',(109.98519601603,-842.8523002282,
    -1.823321791832));
#1530 = CARTESIAN_POINT('',(109.98942547008,-842.8523002282,
    -1.562880361281));
#1531 = CARTESIAN_POINT('',(110.13449799047,-842.8523002282,
    9.157233083107));
#1532 = CARTESIAN_POINT('',(109.08553505902,-842.8523002282,
    19.898713224496));
#1533 = CARTESIAN_POINT('',(106.83825978115,-842.8523002282,
    30.496385858809));
#1534 = CARTESIAN_POINT('',(103.41878356127,-842.8523002339,
    40.795413930707));
#1535 = CARTESIAN_POINT('',(98.873308645153,-842.8523001464,
    50.64838634468));
#1536 = CARTESIAN_POINT('',(93.269394962564,-842.8523002282,
    59.916222472707));
#1537 = CARTESIAN_POINT('',(86.874882667759,-842.8523002282,
    68.280094293231));
#1538 = CARTESIAN_POINT('',(72.238727106698,-842.8523002282,
    83.650651441954));
#1539 = CARTESIAN_POINT('',(63.939325276988,-842.8523002282,
    90.620835979481));
#1540 = CARTESIAN_POINT('',(54.877171761936,-842.8523002282,
    96.642475879915));
#1541 = CARTESIAN_POINT('',(45.180917041964,-842.8523002282,
    101.62188717683));
#1542 = CARTESIAN_POINT('',(34.988361087354,-842.8523002282,
    105.48500704427));
#1543 = CARTESIAN_POINT('',(24.446805018211,-842.8523002282,
    108.17914286897));
#1544 = CARTESIAN_POINT('',(13.711988118322,-842.8523002282,
    109.67153942721));
#1545 = CARTESIAN_POINT('',(-7.765049601365,-842.8523002282,
    110.24807271011));
#1546 = CARTESIAN_POINT('',(-18.52072801827,-842.8523002282,
    109.34225368874));
#1547 = CARTESIAN_POINT('',(-29.14960859098,-842.8523002282,
    107.23585075576));
#1548 = CARTESIAN_POINT('',(-39.49630150523,-842.8523002282,
    103.95277576306));
#1549 = CARTESIAN_POINT('',(-49.41263872893,-842.8523002282,
    99.537020771588));
#1550 = CARTESIAN_POINT('',(-58.75862218675,-842.8523002282,
    94.054080876809));
#1551 = CARTESIAN_POINT('',(-67.40218792184,-842.8523002282,
    87.589260739832));
#1552 = CARTESIAN_POINT('',(-79.18357374828,-842.8523002282,
    76.546784747322));
#1553 = CARTESIAN_POINT('',(-82.93388960222,-842.8523002282,
    72.612339600377));
#1554 = CARTESIAN_POINT('',(-86.4601789469,-842.8523002282,
    68.468466587807));
#1555 = CARTESIAN_POINT('',(-89.74887268054,-842.8523002282,
    64.130140744077));
#1556 = CARTESIAN_POINT('',(-92.78767753441,-842.8523002282,
    59.613256565207));
#1557 = CARTESIAN_POINT('',(-95.5655392861,-842.8523002282,
    54.934593909025));
#1558 = CARTESIAN_POINT('',(-98.07268693855,-842.8523002282,
    50.111841749514));
#1559 = CARTESIAN_POINT('',(-102.6892216597,-842.8523002282,
    39.859312871379));
#1560 = CARTESIAN_POINT('',(-104.7572445282,-842.8523002282,
    34.4102481858));
#1561 = CARTESIAN_POINT('',(-106.4943589214,-842.8523002282,
    28.839546433903));
#1562 = CARTESIAN_POINT('',(-107.8923661194,-842.8523002282,
    23.170755755601));
#1563 = CARTESIAN_POINT('',(-108.9451076051,-842.8523002282,
    17.427845761222));
#1564 = CARTESIAN_POINT('',(-109.6483809195,-842.8523002282,
    11.635176110439));
#1565 = CARTESIAN_POINT('',(-110.,-842.8523002282,5.81749963425));
#1566 = CARTESIAN_POINT('',(-110.,-842.8523002282,-2.84217094304E-14));
#1567 = PCURVE('',#955,#1568);
#1568 = DEFINITIONAL_REPRESENTATION('',(#1569),#1683);
#1569 = B_SPLINE_CURVE_WITH_KNOTS('',3,(#1570,#1571,#1572,#1573,#1574,
    #1575,#1576,#1577,#1578,#1579,#1580,#1581,#1582,#1583,#1584,#1585,
    #1586,#1587,#1588,#1589,#1590,#1591,#1592,#1593,#1594,#1595,#1596,
    #1597,#1598,#1599,#1600,#1601,#1602,#1603,#1604,#1605,#1606,#1607,
    #1608,#1609,#1610,#1611,#1612,#1613,#1614,#1615,#1616,#1617,#1618,
    #1619,#1620,#1621,#1622,#1623,#1624,#1625,#1626,#1627,#1628,#1629,
    #1630,#1631,#1632,#1633,#1634,#1635,#1636,#1637,#1638,#1639,#1640,
    #1641,#1642,#1643,#1644,#1645,#1646,#1647,#1648,#1649,#1650,#1651,
    #1652,#1653,#1654,#1655,#1656,#1657,#1658,#1659,#1660,#1661,#1662,
    #1663,#1664,#1665,#1666,#1667,#1668,#1669,#1670,#1671,#1672,#1673,
    #1674,#1675,#1676,#1677,#1678,#1679,#1680,#1681,#1682),
  .UNSPECIFIED.,.T.,.F.,(4,1,1,1,1,1,1,1,1,1,1,1,1,1,1,1,1,1,1,1,1,1,1,1
    ,1,1,1,1,1,1,1,1,1,1,1,1,1,1,1,1,1,1,1,1,1,1,1,1,1,1,1,1,1,1,1,1,1,1
    ,1,1,1,1,1,1,1,1,1,1,1,1,1,1,1,1,1,1,1,1,1,1,1,1,1,1,1,1,1,1,1,1,1,1
    ,1,1,1,1,1,1,1,1,1,1,1,1,1,1,1,1,1,1,4),(0.50001341385,
    0.509104322941,0.518195232032,0.527286141123,0.536377050214,
    0.545467959305,0.554558868396,0.563649777486,0.572740686577,
    0.581831595668,0.590922504759,0.60001341385,0.609104322941,
    0.618195232032,0.627286141123,0.636377050214,0.645467959305,
    0.654558868396,0.663649777486,0.672740686577,0.681831595668,
    0.690922504759,0.70001341385,0.709104322941,0.718195232032,
    0.727286141123,0.736377050214,0.745467959305,0.754558868396,
    0.763649777486,0.772740686577,0.781831595668,0.790922504759,
    0.80001341385,0.809104322941,0.818195232032,0.827286141123,
    0.836377050214,0.845467959305,0.854558868396,0.863649777486,
    0.872740686577,0.881831595668,0.890922504759,0.90001341385,
    0.909104322941,0.918195232032,0.927286141123,0.936377050214,
    0.945467959305,0.954558868396,0.963649777486,0.972740686577,
    0.981831595668,0.990922504759,1.00001341385,1.009104322941,
    1.018195232032,1.027286141123,1.036377050214,1.045467959305,
    1.054558868396,1.063649777486,1.072740686577,1.081831595668,
    1.090922504759,1.10001341385,1.109104322941,1.118195232032,
    1.127286141123,1.136377050214,1.145467959305,1.154558868396,
    1.163649777486,1.172740686577,1.181831595668,1.190922504759,
    1.20001341385,1.209104322941,1.218195232032,1.227286141123,
    1.236377050214,1.245467959305,1.254558868396,1.263649777486,
    1.272740686577,1.281831595668,1.290922504759,1.30001341385,
    1.309104322941,1.318195232032,1.327286141123,1.336377050214,
    1.345467959305,1.354558868396,1.363649777486,1.372740686577,
    1.381831595668,1.390922504759,1.40001341385,1.409104322941,
    1.418195232032,1.427286141123,1.436377050214,1.445467959305,
    1.454558868396,1.463649777486,1.472740686577,1.481831595668,
    1.490922504759,1.50001341385),.UNSPECIFIED.);
#1570 = CARTESIAN_POINT('',(4.58261324743,-3.343730521224E-17));
#1571 = CARTESIAN_POINT('',(4.582613129325,-2.463522797308E-03));
#1572 = CARTESIAN_POINT('',(4.582752846351,-7.391189890947E-03));
#1573 = CARTESIAN_POINT('',(4.583380352713,-1.476013427182E-02));
#1574 = CARTESIAN_POINT('',(4.584424389986,-2.208189310839E-02));
#1575 = CARTESIAN_POINT('',(4.585881706862,-2.933256696418E-02));
#1576 = CARTESIAN_POINT('',(4.587747949111,-3.648868623399E-02));
#1577 = CARTESIAN_POINT('',(4.590017531303,-4.352725629079E-02));
#1578 = CARTESIAN_POINT('',(4.592683711213,-5.042572215138E-02));
#1579 = CARTESIAN_POINT('',(4.595738581527,-5.716196522258E-02));
#1580 = CARTESIAN_POINT('',(4.599173060825,-6.371430386041E-02));
#1581 = CARTESIAN_POINT('',(4.602976854352,-7.006149736933E-02));
#1582 = CARTESIAN_POINT('',(4.607138426666,-7.618278508263E-02));
#1583 = CARTESIAN_POINT('',(4.611644846465,-8.205783895794E-02));
#1584 = CARTESIAN_POINT('',(4.616482012601,-8.766709166504E-02));
#1585 = CARTESIAN_POINT('',(4.621633350233,-9.29907239114E-02));
#1586 = CARTESIAN_POINT('',(4.627085338705,-9.801394515184E-02));
#1587 = CARTESIAN_POINT('',(4.632820183232,-0.102719181614));
#1588 = CARTESIAN_POINT('',(4.638819039396,-0.107090244403));
#1589 = CARTESIAN_POINT('',(4.645062332512,-0.111112320932));
#1590 = CARTESIAN_POINT('',(4.651529719788,-0.114771894225));
#1591 = CARTESIAN_POINT('',(4.658200138958,-0.118056712477));
#1592 = CARTESIAN_POINT('',(4.66505182695,-0.12095577105));
#1593 = CARTESIAN_POINT('',(4.672062341968,-0.123459313632));
#1594 = CARTESIAN_POINT('',(4.679208579761,-0.125558848433));
#1595 = CARTESIAN_POINT('',(4.686466791909,-0.127247181157));
#1596 = CARTESIAN_POINT('',(4.693812584843,-0.128518461116));
#1597 = CARTESIAN_POINT('',(4.701220974102,-0.129368259511));
#1598 = CARTESIAN_POINT('',(4.708666210884,-0.129793620934));
#1599 = CARTESIAN_POINT('',(4.716122428381,-0.129793325524));
#1600 = CARTESIAN_POINT('',(4.723568264538,-0.129367298335));
#1601 = CARTESIAN_POINT('',(4.730976589035,-0.128516846338));
#1602 = CARTESIAN_POINT('',(4.738322197496,-0.127244943657));
#1603 = CARTESIAN_POINT('',(4.745580111837,-0.12555602288));
#1604 = CARTESIAN_POINT('',(4.752726042325,-0.123455921883));
#1605 = CARTESIAN_POINT('',(4.759736277251,-0.120951816631));
#1606 = CARTESIAN_POINT('',(4.766587730369,-0.11805218181));
#1607 = CARTESIAN_POINT('',(4.773257951414,-0.114766763348));
#1608 = CARTESIAN_POINT('',(4.779725143372,-0.11110657391));
#1609 = CARTESIAN_POINT('',(4.785968205024,-0.107083879415));
#1610 = CARTESIAN_POINT('',(4.791966682816,-0.102712296995));
#1611 = CARTESIAN_POINT('',(4.797701082531,-9.800656547311E-02));
#1612 = CARTESIAN_POINT('',(4.80315186341,-9.298364169142E-02));
#1613 = CARTESIAN_POINT('',(4.808303403316,-8.76589561896E-02));
#1614 = CARTESIAN_POINT('',(4.813140228871,-8.204909332009E-02));
#1615 = CARTESIAN_POINT('',(4.817646167393,-7.617360392414E-02));
#1616 = CARTESIAN_POINT('',(4.821807155056,-7.005202354083E-02));
#1617 = CARTESIAN_POINT('',(4.825610342367,-6.370459950096E-02));
#1618 = CARTESIAN_POINT('',(4.829044222839,-5.715204291915E-02));
#1619 = CARTESIAN_POINT('',(4.832098514278,-5.041555770524E-02));
#1620 = CARTESIAN_POINT('',(4.834764130319,-4.351680989836E-02));
#1621 = CARTESIAN_POINT('',(4.837033150263,-3.647792267117E-02));
#1622 = CARTESIAN_POINT('',(4.838898812393,-2.932148585986E-02));
#1623 = CARTESIAN_POINT('',(4.840355523846,-2.20705356674E-02));
#1624 = CARTESIAN_POINT('',(4.841398898282,-1.474869239669E-02));
#1625 = CARTESIAN_POINT('',(4.842025798827,-7.379751347521E-03));
#1626 = CARTESIAN_POINT('',(4.842234487547,1.063638121285E-05));
#1627 = CARTESIAN_POINT('',(4.842024528184,7.402640624332E-03));
#1628 = CARTESIAN_POINT('',(4.841396281862,1.477165153606E-02));
#1629 = CARTESIAN_POINT('',(4.840351617998,2.20932817505E-02));
#1630 = CARTESIAN_POINT('',(4.838893679099,2.934371058799E-02));
#1631 = CARTESIAN_POINT('',(4.837026844456,3.649954961637E-02));
#1632 = CARTESIAN_POINT('',(4.834756677094,4.353784856084E-02));
#1633 = CARTESIAN_POINT('',(4.832089906336,5.043607444835E-02));
#1634 = CARTESIAN_POINT('',(4.829034427782,5.717210840165E-02));
#1635 = CARTESIAN_POINT('',(4.825599323555,6.372424715311E-02));
#1636 = CARTESIAN_POINT('',(4.821794899007,7.00712168495E-02));
#1637 = CARTESIAN_POINT('',(4.81763274455,7.619218468704E-02));
#1638 = CARTESIAN_POINT('',(4.813125795002,8.206682415149E-02));
#1639 = CARTESIAN_POINT('',(4.808288498425,8.767523332707E-02));
#1640 = CARTESIAN_POINT('',(4.803136691334,9.299846335376E-02));
#1641 = CARTESIAN_POINT('',(4.797683846516,9.802158517076E-02));
#1642 = CARTESIAN_POINT('',(4.791948530894,0.102726332194));
#1643 = CARTESIAN_POINT('',(4.785949293715,0.107096843438));
#1644 = CARTESIAN_POINT('',(4.779705710682,0.111118311786));
#1645 = CARTESIAN_POINT('',(4.773238059763,0.114777274119));
#1646 = CARTESIAN_POINT('',(4.766567372473,0.118061490595));
#1647 = CARTESIAN_POINT('',(4.759715391579,0.1209599586));
#1648 = CARTESIAN_POINT('',(4.752704556823,0.12346291225));
#1649 = CARTESIAN_POINT('',(4.745557994197,0.125561845584));
#1650 = CARTESIAN_POINT('',(4.738299481472,0.12724955031));
#1651 = CARTESIAN_POINT('',(4.730953523801,0.128520167799));
#1652 = CARTESIAN_POINT('',(4.72354503518,0.129369274079));
#1653 = CARTESIAN_POINT('',(4.716100516243,0.129793938638));
#1654 = CARTESIAN_POINT('',(4.708643681691,0.129792997778));
#1655 = CARTESIAN_POINT('',(4.701197723124,0.129366268578));
#1656 = CARTESIAN_POINT('',(4.693789467009,0.128515132813));
#1657 = CARTESIAN_POINT('',(4.686444065554,0.127242569133));
#1658 = CARTESIAN_POINT('',(4.679186413351,0.125553012169));
#1659 = CARTESIAN_POINT('',(4.6720407567,0.123452289807));
#1660 = CARTESIAN_POINT('',(4.665030781219,0.120947565949));
#1661 = CARTESIAN_POINT('',(4.658179567392,0.118047304918));
#1662 = CARTESIAN_POINT('',(4.651509577016,0.11476124939));
#1663 = CARTESIAN_POINT('',(4.645042632979,0.111100419297));
#1664 = CARTESIAN_POINT('',(4.638799880441,0.10707710843));
#1665 = CARTESIAN_POINT('',(4.632801812139,0.10270497016));
#1666 = CARTESIAN_POINT('',(4.627068033073,9.799886273254E-02));
#1667 = CARTESIAN_POINT('',(4.621617971841,9.29757011384E-02));
#1668 = CARTESIAN_POINT('',(4.616467394714,8.765107240216E-02));
#1669 = CARTESIAN_POINT('',(4.611632438205,8.204251035554E-02));
#1670 = CARTESIAN_POINT('',(4.607128243781,7.616861703474E-02));
#1671 = CARTESIAN_POINT('',(4.602968692658,7.004864559236E-02));
#1672 = CARTESIAN_POINT('',(4.599166529056,6.370260169763E-02));
#1673 = CARTESIAN_POINT('',(4.595733336307,5.715116283132E-02));
#1674 = CARTESIAN_POINT('',(4.59267961323,5.041589534776E-02));
#1675 = CARTESIAN_POINT('',(4.590014345975,4.351820010059E-02));
#1676 = CARTESIAN_POINT('',(4.587745639697,3.648066124173E-02));
#1677 = CARTESIAN_POINT('',(4.585880238249,2.932604066006E-02));
#1678 = CARTESIAN_POINT('',(4.584423649024,2.207733201606E-02));
#1679 = CARTESIAN_POINT('',(4.583380125309,1.475775326102E-02));
#1680 = CARTESIAN_POINT('',(4.582752841502,7.390725558562E-03));
#1681 = CARTESIAN_POINT('',(4.582613143898,2.463578731976E-03));
#1682 = CARTESIAN_POINT('',(4.58261324743,-3.343730521224E-17));
#1683 = ( GEOMETRIC_REPRESENTATION_CONTEXT(2) 
PARAMETRIC_REPRESENTATION_CONTEXT() REPRESENTATION_CONTEXT('2D SPACE',''
  ) );
#1684 = PCURVE('',#730,#1685);
#1685 = DEFINITIONAL_REPRESENTATION('',(#1686),#1800);
#1686 = B_SPLINE_CURVE_WITH_KNOTS('',3,(#1687,#1688,#1689,#1690,#1691,
    #1692,#1693,#1694,#1695,#1696,#1697,#1698,#1699,#1700,#1701,#1702,
    #1703,#1704,#1705,#1706,#1707,#1708,#1709,#1710,#1711,#1712,#1713,
    #1714,#1715,#1716,#1717,#1718,#1719,#1720,#1721,#1722,#1723,#1724,
    #1725,#1726,#1727,#1728,#1729,#1730,#1731,#1732,#1733,#1734,#1735,
    #1736,#1737,#1738,#1739,#1740,#1741,#1742,#1743,#1744,#1745,#1746,
    #1747,#1748,#1749,#1750,#1751,#1752,#1753,#1754,#1755,#1756,#1757,
    #1758,#1759,#1760,#1761,#1762,#1763,#1764,#1765,#1766,#1767,#1768,
    #1769,#1770,#1771,#1772,#1773,#1774,#1775,#1776,#1777,#1778,#1779,
    #1780,#1781,#1782,#1783,#1784,#1785,#1786,#1787,#1788,#1789,#1790,
    #1791,#1792,#1793,#1794,#1795,#1796,#1797,#1798,#1799),
  .UNSPECIFIED.,.F.,.F.,(4,1,1,1,1,1,1,1,1,1,1,1,1,1,1,1,1,1,1,1,1,1,1,1
    ,1,1,1,1,1,1,1,1,1,1,1,1,1,1,1,1,1,1,1,1,1,1,1,1,1,1,1,1,1,1,1,1,1,1
    ,1,1,1,1,1,1,1,1,1,1,1,1,1,1,1,1,1,1,1,1,1,1,1,1,1,1,1,1,1,1,1,1,1,1
    ,1,1,1,1,1,1,1,1,1,1,1,1,1,1,1,1,1,1,4),(0.50001341385,
    0.509104322941,0.518195232032,0.527286141123,0.536377050214,
    0.545467959305,0.554558868396,0.563649777486,0.572740686577,
    0.581831595668,0.590922504759,0.60001341385,0.609104322941,
    0.618195232032,0.627286141123,0.636377050214,0.645467959305,
    0.654558868396,0.663649777486,0.672740686577,0.681831595668,
    0.690922504759,0.70001341385,0.709104322941,0.718195232032,
    0.727286141123,0.736377050214,0.745467959305,0.754558868396,
    0.763649777486,0.772740686577,0.781831595668,0.790922504759,
    0.80001341385,0.809104322941,0.818195232032,0.827286141123,
    0.836377050214,0.845467959305,0.854558868396,0.863649777486,
    0.872740686577,0.881831595668,0.890922504759,0.90001341385,
    0.909104322941,0.918195232032,0.927286141123,0.936377050214,
    0.945467959305,0.954558868396,0.963649777486,0.972740686577,
    0.981831595668,0.990922504759,1.00001341385,1.009104322941,
    1.018195232032,1.027286141123,1.036377050214,1.045467959305,
    1.054558868396,1.063649777486,1.072740686577,1.081831595668,
    1.090922504759,1.10001341385,1.109104322941,1.118195232032,
    1.127286141123,1.136377050214,1.145467959305,1.154558868396,
    1.163649777486,1.172740686577,1.181831595668,1.190922504759,
    1.20001341385,1.209104322941,1.218195232032,1.227286141123,
    1.236377050214,1.245467959305,1.254558868396,1.263649777486,
    1.272740686577,1.281831595668,1.290922504759,1.30001341385,
    1.309104322941,1.318195232032,1.327286141123,1.336377050214,
    1.345467959305,1.354558868396,1.363649777486,1.372740686577,
    1.381831595668,1.390922504759,1.40001341385,1.409104322941,
    1.418195232032,1.427286141123,1.436377050214,1.445467959305,
    1.454558868396,1.463649777486,1.472740686577,1.481831595668,
    1.490922504759,1.50001341385),.UNSPECIFIED.);
#1687 = CARTESIAN_POINT('',(-6.28318530718,-148.7096997717));
#1688 = CARTESIAN_POINT('',(-6.264149042046,-148.7096997717));
#1689 = CARTESIAN_POINT('',(-6.226071548969,-148.7096997717));
#1690 = CARTESIAN_POINT('',(-6.168946543886,-148.7096997717));
#1691 = CARTESIAN_POINT('',(-6.11182013547,-148.7096997717));
#1692 = CARTESIAN_POINT('',(-6.054695348775,-148.7096997717));
#1693 = CARTESIAN_POINT('',(-5.997573438174,-148.7096997717));
#1694 = CARTESIAN_POINT('',(-5.940454076981,-148.7096997717));
#1695 = CARTESIAN_POINT('',(-5.883336050136,-148.7096997717));
#1696 = CARTESIAN_POINT('',(-5.826217736007,-148.7096997717));
#1697 = CARTESIAN_POINT('',(-5.76909758559,-148.7096997717));
#1698 = CARTESIAN_POINT('',(-5.711974675457,-148.7096997717));
#1699 = CARTESIAN_POINT('',(-5.654848998886,-148.7096997717));
#1700 = CARTESIAN_POINT('',(-5.597722942929,-148.7096997717));
#1701 = CARTESIAN_POINT('',(-5.540598702155,-148.7096997717));
#1702 = CARTESIAN_POINT('',(-5.483491427649,-148.7096997717));
#1703 = CARTESIAN_POINT('',(-5.426371025973,-148.7096997717));
#1704 = CARTESIAN_POINT('',(-5.369245042938,-148.7096997717));
#1705 = CARTESIAN_POINT('',(-5.312118932534,-148.7096997717));
#1706 = CARTESIAN_POINT('',(-5.25499510303,-148.7096997717));
#1707 = CARTESIAN_POINT('',(-5.197874169135,-148.7096997717));
#1708 = CARTESIAN_POINT('',(-5.140755440933,-148.7096997717));
#1709 = CARTESIAN_POINT('',(-5.083637504443,-148.7096997717));
#1710 = CARTESIAN_POINT('',(-5.02651870948,-148.7096997717));
#1711 = CARTESIAN_POINT('',(-4.969397664684,-148.7096997717));
#1712 = CARTESIAN_POINT('',(-4.912273711775,-148.7096997717));
#1713 = CARTESIAN_POINT('',(-4.855147567946,-148.7096997717));
#1714 = CARTESIAN_POINT('',(-4.79802159667,-148.7096997717));
#1715 = CARTESIAN_POINT('',(-4.740901896127,-148.7096997717));
#1716 = CARTESIAN_POINT('',(-4.683794256124,-148.7096997717));
#1717 = CARTESIAN_POINT('',(-4.626669674452,-148.7096997717));
#1718 = CARTESIAN_POINT('',(-4.569543608369,-148.7096997717));
#1719 = CARTESIAN_POINT('',(-4.512418013799,-148.7096997717));
#1720 = CARTESIAN_POINT('',(-4.455295227639,-148.7096997717));
#1721 = CARTESIAN_POINT('',(-4.398175177698,-148.7096997717));
#1722 = CARTESIAN_POINT('',(-4.341056908442,-148.7096997717));
#1723 = CARTESIAN_POINT('',(-4.283938859326,-148.7096997717));
#1724 = CARTESIAN_POINT('',(-4.226819407651,-148.7096997717));
#1725 = CARTESIAN_POINT('',(-4.169697396166,-148.7096997717));
#1726 = CARTESIAN_POINT('',(-4.112572433851,-148.7096997717));
#1727 = CARTESIAN_POINT('',(-4.055446274395,-148.7096997717));
#1728 = CARTESIAN_POINT('',(-3.998320462516,-148.7096997717));
#1729 = CARTESIAN_POINT('',(-3.941208417288,-148.7096997717));
#1730 = CARTESIAN_POINT('',(-3.88409418307,-148.7096997717));
#1731 = CARTESIAN_POINT('',(-3.826968065991,-148.7096997717));
#1732 = CARTESIAN_POINT('',(-3.769841570388,-148.7096997717));
#1733 = CARTESIAN_POINT('',(-3.712716538489,-148.7096997717));
#1734 = CARTESIAN_POINT('',(-3.655594486608,-148.7096997717));
#1735 = CARTESIAN_POINT('',(-3.598474977106,-148.7096997717));
#1736 = CARTESIAN_POINT('',(-3.541356795409,-148.7096997717));
#1737 = CARTESIAN_POINT('',(-3.484238300315,-148.7096997717));
#1738 = CARTESIAN_POINT('',(-3.427117936726,-148.7096997717));
#1739 = CARTESIAN_POINT('',(-3.36999478066,-148.7096997717));
#1740 = CARTESIAN_POINT('',(-3.312868825648,-148.7096997717));
#1741 = CARTESIAN_POINT('',(-3.255742485848,-148.7096997717));
#1742 = CARTESIAN_POINT('',(-3.198617911619,-148.7096997717));
#1743 = CARTESIAN_POINT('',(-3.141510508849,-148.7096997717));
#1744 = CARTESIAN_POINT('',(-3.084390341966,-148.7096997717));
#1745 = CARTESIAN_POINT('',(-3.027264361378,-148.7096997718));
#1746 = CARTESIAN_POINT('',(-2.970138238902,-148.7096997725));
#1747 = CARTESIAN_POINT('',(-2.913014367361,-148.7096997749));
#1748 = CARTESIAN_POINT('',(-2.855893395995,-148.7096997792));
#1749 = CARTESIAN_POINT('',(-2.798774645444,-148.709699785));
#1750 = CARTESIAN_POINT('',(-2.741656709208,-148.7096997908));
#1751 = CARTESIAN_POINT('',(-2.684537936878,-148.7096997943));
#1752 = CARTESIAN_POINT('',(-2.627416929224,-148.7096997937));
#1753 = CARTESIAN_POINT('',(-2.570293017057,-148.7096997886));
#1754 = CARTESIAN_POINT('',(-2.51316688313,-148.7096997806));
#1755 = CARTESIAN_POINT('',(-2.4560409056,-148.7096997735));
#1756 = CARTESIAN_POINT('',(-2.39892096785,-148.7096997714));
#1757 = CARTESIAN_POINT('',(-2.341813443518,-148.7096997718));
#1758 = CARTESIAN_POINT('',(-2.284688756455,-148.7096997717));
#1759 = CARTESIAN_POINT('',(-2.227562412813,-148.7096997717));
#1760 = CARTESIAN_POINT('',(-2.170436484655,-148.7096997717));
#1761 = CARTESIAN_POINT('',(-2.113313369625,-148.7096997717));
#1762 = CARTESIAN_POINT('',(-2.056193039644,-148.7096997717));
#1763 = CARTESIAN_POINT('',(-1.999074560246,-148.7096997717));
#1764 = CARTESIAN_POINT('',(-1.941956371781,-148.7096997717));
#1765 = CARTESIAN_POINT('',(-1.884836834783,-148.7096997717));
#1766 = CARTESIAN_POINT('',(-1.82771474484,-148.7096997717));
#1767 = CARTESIAN_POINT('',(-1.770589674775,-148.7096997717));
#1768 = CARTESIAN_POINT('',(-1.713463185232,-148.7096997717));
#1769 = CARTESIAN_POINT('',(-1.656337076537,-148.7096997717));
#1770 = CARTESIAN_POINT('',(-1.599223181239,-148.7096997717));
#1771 = CARTESIAN_POINT('',(-1.54211081226,-148.7096997717));
#1772 = CARTESIAN_POINT('',(-1.484984982653,-148.7096997717));
#1773 = CARTESIAN_POINT('',(-1.42785881692,-148.7096997717));
#1774 = CARTESIAN_POINT('',(-1.370733891963,-148.7096997717));
#1775 = CARTESIAN_POINT('',(-1.313611919199,-148.7096997717));
#1776 = CARTESIAN_POINT('',(-1.25649249606,-148.7096997717));
#1777 = CARTESIAN_POINT('',(-1.19937445528,-148.7096997717));
#1778 = CARTESIAN_POINT('',(-1.142256171059,-148.7096997717));
#1779 = CARTESIAN_POINT('',(-1.085136090996,-148.7096997717));
#1780 = CARTESIAN_POINT('',(-1.028013255405,-148.7096997717));
#1781 = CARTESIAN_POINT('',(-0.970887666985,-148.7096997717));
#1782 = CARTESIAN_POINT('',(-0.913761478833,-148.7096997717));
#1783 = CARTESIAN_POINT('',(-0.856637471079,-148.7096997717));
#1784 = CARTESIAN_POINT('',(-0.799528214913,-148.7096997717));
#1785 = CARTESIAN_POINT('',(-0.742419407571,-148.7096997717));
#1786 = CARTESIAN_POINT('',(-0.685310259293,-148.7096997717));
#1787 = CARTESIAN_POINT('',(-0.62820168756,-148.7096997717));
#1788 = CARTESIAN_POINT('',(-0.571093134128,-148.7096997717));
#1789 = CARTESIAN_POINT('',(-0.513984267843,-148.7096997717));
#1790 = CARTESIAN_POINT('',(-0.456874856014,-148.7096997717));
#1791 = CARTESIAN_POINT('',(-0.399767044026,-148.7096997717));
#1792 = CARTESIAN_POINT('',(-0.342657095232,-148.7096997717));
#1793 = CARTESIAN_POINT('',(-0.28554737986,-148.7096997717));
#1794 = CARTESIAN_POINT('',(-0.228438296342,-148.7096997717));
#1795 = CARTESIAN_POINT('',(-0.171329486659,-148.7096997717));
#1796 = CARTESIAN_POINT('',(-0.11422029108,-148.7096997717));
#1797 = CARTESIAN_POINT('',(-5.711017917581E-02,-148.7096997717));
#1798 = CARTESIAN_POINT('',(-1.903669289176E-02,-148.7096997717));
#1799 = CARTESIAN_POINT('',(0.,-148.7096997717));
#1800 = ( GEOMETRIC_REPRESENTATION_CONTEXT(2) 
PARAMETRIC_REPRESENTATION_CONTEXT() REPRESENTATION_CONTEXT('2D SPACE',''
  ) );
#1801 = FACE_BOUND('',#1802,.F.);
#1802 = EDGE_LOOP('',(#1803));
#1803 = ORIENTED_EDGE('',*,*,#940,.T.);
#1804 = ADVANCED_FACE('',(#1805),#730,.F.);
#1805 = FACE_BOUND('',#1806,.T.);
#1806 = EDGE_LOOP('',(#1807,#1808,#1829,#1830));
#1807 = ORIENTED_EDGE('',*,*,#1495,.F.);
#1808 = ORIENTED_EDGE('',*,*,#1809,.F.);
#1809 = EDGE_CURVE('',#565,#1496,#1810,.T.);
#1810 = SEAM_CURVE('',#1811,(#1815,#1822),.PCURVE_S1.);
#1811 = LINE('',#1812,#1813);
#1812 = CARTESIAN_POINT('',(-110.,-991.562,0.));
#1813 = VECTOR('',#1814,1.);
#1814 = DIRECTION('',(1.110223024625E-16,1.,0.));
#1815 = PCURVE('',#730,#1816);
#1816 = DEFINITIONAL_REPRESENTATION('',(#1817),#1821);
#1817 = LINE('',#1818,#1819);
#1818 = CARTESIAN_POINT('',(-6.28318530718,0.));
#1819 = VECTOR('',#1820,1.);
#1820 = DIRECTION('',(-0.,-1.));
#1821 = ( GEOMETRIC_REPRESENTATION_CONTEXT(2) 
PARAMETRIC_REPRESENTATION_CONTEXT() REPRESENTATION_CONTEXT('2D SPACE',''
  ) );
#1822 = PCURVE('',#730,#1823);
#1823 = DEFINITIONAL_REPRESENTATION('',(#1824),#1828);
#1824 = LINE('',#1825,#1826);
#1825 = CARTESIAN_POINT('',(-0.,0.));
#1826 = VECTOR('',#1827,1.);
#1827 = DIRECTION('',(-0.,-1.));
#1828 = ( GEOMETRIC_REPRESENTATION_CONTEXT(2) 
PARAMETRIC_REPRESENTATION_CONTEXT() REPRESENTATION_CONTEXT('2D SPACE',''
  ) );
#1829 = ORIENTED_EDGE('',*,*,#564,.F.);
#1830 = ORIENTED_EDGE('',*,*,#1809,.T.);
#1831 = ADVANCED_FACE('',(#1832),#440,.F.);
#1832 = FACE_BOUND('',#1833,.T.);
#1833 = EDGE_LOOP('',(#1834,#1835,#1856,#1857));
#1834 = ORIENTED_EDGE('',*,*,#251,.F.);
#1835 = ORIENTED_EDGE('',*,*,#1836,.F.);
#1836 = EDGE_CURVE('',#1233,#252,#1837,.T.);
#1837 = SEAM_CURVE('',#1838,(#1842,#1849),.PCURVE_S1.);
#1838 = LINE('',#1839,#1840);
#1839 = CARTESIAN_POINT('',(-110.,-991.562,0.));
#1840 = VECTOR('',#1841,1.);
#1841 = DIRECTION('',(1.110223024625E-16,1.,0.));
#1842 = PCURVE('',#440,#1843);
#1843 = DEFINITIONAL_REPRESENTATION('',(#1844),#1848);
#1844 = LINE('',#1845,#1846);
#1845 = CARTESIAN_POINT('',(-6.28318530718,0.));
#1846 = VECTOR('',#1847,1.);
#1847 = DIRECTION('',(-0.,-1.));
#1848 = ( GEOMETRIC_REPRESENTATION_CONTEXT(2) 
PARAMETRIC_REPRESENTATION_CONTEXT() REPRESENTATION_CONTEXT('2D SPACE',''
  ) );
#1849 = PCURVE('',#440,#1850);
#1850 = DEFINITIONAL_REPRESENTATION('',(#1851),#1855);
#1851 = LINE('',#1852,#1853);
#1852 = CARTESIAN_POINT('',(-0.,0.));
#1853 = VECTOR('',#1854,1.);
#1854 = DIRECTION('',(-0.,-1.));
#1855 = ( GEOMETRIC_REPRESENTATION_CONTEXT(2) 
PARAMETRIC_REPRESENTATION_CONTEXT() REPRESENTATION_CONTEXT('2D SPACE',''
  ) );
#1856 = ORIENTED_EDGE('',*,*,#1232,.F.);
#1857 = ORIENTED_EDGE('',*,*,#1836,.T.);
#1858 = ADVANCED_FACE('',(#1859),#167,.F.);
#1859 = FACE_BOUND('',#1860,.T.);
#1860 = EDGE_LOOP('',(#1861,#1862,#1883,#1884));
#1861 = ORIENTED_EDGE('',*,*,#1138,.T.);
#1862 = ORIENTED_EDGE('',*,*,#1863,.T.);
#1863 = EDGE_CURVE('',#1115,#129,#1864,.T.);
#1864 = SEAM_CURVE('',#1865,(#1869,#1876),.PCURVE_S1.);
#1865 = LINE('',#1866,#1867);
#1866 = CARTESIAN_POINT('',(75.,0.,-991.562));
#1867 = VECTOR('',#1868,1.);
#1868 = DIRECTION('',(0.,0.,1.));
#1869 = PCURVE('',#167,#1870);
#1870 = DEFINITIONAL_REPRESENTATION('',(#1871),#1875);
#1871 = LINE('',#1872,#1873);
#1872 = CARTESIAN_POINT('',(-6.28318530718,0.));
#1873 = VECTOR('',#1874,1.);
#1874 = DIRECTION('',(-0.,-1.));
#1875 = ( GEOMETRIC_REPRESENTATION_CONTEXT(2) 
PARAMETRIC_REPRESENTATION_CONTEXT() REPRESENTATION_CONTEXT('2D SPACE',''
  ) );
#1876 = PCURVE('',#167,#1877);
#1877 = DEFINITIONAL_REPRESENTATION('',(#1878),#1882);
#1878 = LINE('',#1879,#1880);
#1879 = CARTESIAN_POINT('',(-0.,0.));
#1880 = VECTOR('',#1881,1.);
#1881 = DIRECTION('',(-0.,-1.));
#1882 = ( GEOMETRIC_REPRESENTATION_CONTEXT(2) 
PARAMETRIC_REPRESENTATION_CONTEXT() REPRESENTATION_CONTEXT('2D SPACE',''
  ) );
#1883 = ORIENTED_EDGE('',*,*,#152,.F.);
#1884 = ORIENTED_EDGE('',*,*,#1863,.F.);
#1885 = ADVANCED_FACE('',(#1886),#116,.F.);
#1886 = FACE_BOUND('',#1887,.T.);
#1887 = EDGE_LOOP('',(#1888,#1889,#1910,#1911,#1912,#1913,#1914,#1915));
#1888 = ORIENTED_EDGE('',*,*,#1161,.T.);
#1889 = ORIENTED_EDGE('',*,*,#1890,.T.);
#1890 = EDGE_CURVE('',#1162,#181,#1891,.T.);
#1891 = SEAM_CURVE('',#1892,(#1896,#1903),.PCURVE_S1.);
#1892 = LINE('',#1893,#1894);
#1893 = CARTESIAN_POINT('',(-991.562,110.,0.));
#1894 = VECTOR('',#1895,1.);
#1895 = DIRECTION('',(1.,0.,0.));
#1896 = PCURVE('',#116,#1897);
#1897 = DEFINITIONAL_REPRESENTATION('',(#1898),#1902);
#1898 = LINE('',#1899,#1900);
#1899 = CARTESIAN_POINT('',(-0.,0.));
#1900 = VECTOR('',#1901,1.);
#1901 = DIRECTION('',(-0.,-1.));
#1902 = ( GEOMETRIC_REPRESENTATION_CONTEXT(2) 
PARAMETRIC_REPRESENTATION_CONTEXT() REPRESENTATION_CONTEXT('2D SPACE',''
  ) );
#1903 = PCURVE('',#116,#1904);
#1904 = DEFINITIONAL_REPRESENTATION('',(#1905),#1909);
#1905 = LINE('',#1906,#1907);
#1906 = CARTESIAN_POINT('',(-6.28318530718,0.));
#1907 = VECTOR('',#1908,1.);
#1908 = DIRECTION('',(-0.,-1.));
#1909 = ( GEOMETRIC_REPRESENTATION_CONTEXT(2) 
PARAMETRIC_REPRESENTATION_CONTEXT() REPRESENTATION_CONTEXT('2D SPACE',''
  ) );
#1910 = ORIENTED_EDGE('',*,*,#180,.F.);
#1911 = ORIENTED_EDGE('',*,*,#79,.F.);
#1912 = ORIENTED_EDGE('',*,*,#215,.F.);
#1913 = ORIENTED_EDGE('',*,*,#1890,.F.);
#1914 = ORIENTED_EDGE('',*,*,#1196,.T.);
#1915 = ORIENTED_EDGE('',*,*,#1070,.T.);
#1916 = ADVANCED_FACE('',(#1917),#43,.F.);
#1917 = FACE_BOUND('',#1918,.T.);
#1918 = EDGE_LOOP('',(#1919,#1920,#1941,#1942));
#1919 = ORIENTED_EDGE('',*,*,#21,.T.);
#1920 = ORIENTED_EDGE('',*,*,#1921,.T.);
#1921 = EDGE_CURVE('',#22,#1023,#1922,.T.);
#1922 = SEAM_CURVE('',#1923,(#1927,#1934),.PCURVE_S1.);
#1923 = LINE('',#1924,#1925);
#1924 = CARTESIAN_POINT('',(75.,0.,-991.562));
#1925 = VECTOR('',#1926,1.);
#1926 = DIRECTION('',(0.,0.,1.));
#1927 = PCURVE('',#43,#1928);
#1928 = DEFINITIONAL_REPRESENTATION('',(#1929),#1933);
#1929 = LINE('',#1930,#1931);
#1930 = CARTESIAN_POINT('',(-6.28318530718,0.));
#1931 = VECTOR('',#1932,1.);
#1932 = DIRECTION('',(-0.,-1.));
#1933 = ( GEOMETRIC_REPRESENTATION_CONTEXT(2) 
PARAMETRIC_REPRESENTATION_CONTEXT() REPRESENTATION_CONTEXT('2D SPACE',''
  ) );
#1934 = PCURVE('',#43,#1935);
#1935 = DEFINITIONAL_REPRESENTATION('',(#1936),#1940);
#1936 = LINE('',#1937,#1938);
#1937 = CARTESIAN_POINT('',(-0.,0.));
#1938 = VECTOR('',#1939,1.);
#1939 = DIRECTION('',(-0.,-1.));
#1940 = ( GEOMETRIC_REPRESENTATION_CONTEXT(2) 
PARAMETRIC_REPRESENTATION_CONTEXT() REPRESENTATION_CONTEXT('2D SPACE',''
  ) );
#1941 = ORIENTED_EDGE('',*,*,#1022,.F.);
#1942 = ORIENTED_EDGE('',*,*,#1921,.F.);
#1943 = ( GEOMETRIC_REPRESENTATION_CONTEXT(3) 
GLOBAL_UNCERTAINTY_ASSIGNED_CONTEXT((#1947)) 
GLOBAL_UNIT_ASSIGNED_CONTEXT((#1944,#1945,#1946)) REPRESENTATION_CONTEXT
('Context #1','3D Context with UNIT and UNCERTAINTY') );
#1944 = ( LENGTH_UNIT() NAMED_UNIT(*) SI_UNIT(.MILLI.,.METRE.) );
#1945 = ( NAMED_UNIT(*) PLANE_ANGLE_UNIT() SI_UNIT($,.RADIAN.) );
#1946 = ( NAMED_UNIT(*) SI_UNIT($,.STERADIAN.) SOLID_ANGLE_UNIT() );
#1947 = UNCERTAINTY_MEASURE_WITH_UNIT(LENGTH_MEASURE(20.),#1944,
  'distance_accuracy_value','confusion accuracy');
#1948 = PRODUCT_RELATED_PRODUCT_CATEGORY('part',$,(#7));
ENDSEC;
END-ISO-10303-21;
